REGIAO:;SE
UF:;RJ
ESTACAO:;RIO DE JANEIRO - FORTE DE COPACABANA
CODIGO (WMO):;A652
LATITUDE:;-22,98833333
LONGITUDE:;-43,19055555
ALTITUDE:;25,59
DATA DE FUNDACAO:;18/05/07
Data;Hora UTC;PRECIPITAÇÃO TOTAL, HORÁRIO (mm);PRESSAO ATMOSFERICA AO NIVEL DA ESTACAO, HORARIA (mB);PRESSÃO ATMOSFERICA MAX.NA HORA ANT. (AUT) (mB);PRESSÃO ATMOSFERICA MIN. NA HORA ANT. (AUT) (mB);RADIACAO GLOBAL (Kj/m²);TEMPERATURA DO AR - BULBO SECO, HORARIA (°C);TEMPERATURA DO PONTO DE ORVALHO (°C);TEMPERATURA MÁXIMA NA HORA ANT. (AUT) (°C);TEMPERATURA MÍNIMA NA HORA ANT. (AUT) (°C);TEMPERATURA ORVALHO MAX. NA HORA ANT. (AUT) (°C);TEMPERATURA ORVALHO MIN. NA HORA ANT. (AUT) (°C);UMIDADE REL. MAX. NA HORA ANT. (AUT) (%);UMIDADE REL. MIN. NA HORA ANT. (AUT) (%);UMIDADE RELATIVA DO AR, HORARIA (%);VENTO, DIREÇÃO HORARIA (gr) (° (gr));VENTO, RAJADA MAXIMA (m/s);VENTO, VELOCIDADE HORARIA (m/s);
2026/01/01;0000 UTC;;;;;;;;;;;;;;;;;;
2026/01/01;0100 UTC;;;;;;;;;;;;;;;;;;
2026/01/01;0200 UTC;;;;;;;;;;;;;;;;;;
2026/01/01;0300 UTC;;;;;;;;;;;;;;;;;;
2026/01/01;0400 UTC;;;;;;;;;;;;;;;;;;
2026/01/01;0500 UTC;;;;;;;;;;;;;;;;;;
2026/01/01;0600 UTC;;;;;;;;;;;;;;;;;;
2026/01/01;0700 UTC;;;;;;;;;;;;;;;;;;
2026/01/01;0800 UTC;;;;;;;;;;;;;;;;;;
2026/01/01;0900 UTC;;;;;;;;;;;;;;;;;;
2026/01/01;1000 UTC;;;;;;;;;;;;;;;;;;
2026/01/01;1100 UTC;0;1005,3;;;537,4;29,6;24,8;;;;;;;75;89;;1,5;
2026/01/01;1200 UTC;0;1005,2;1005,5;1005,2;2471,3;30,8;25,3;31;29,4;25,7;24,3;77;71;73;106;2,5;1,6;
2026/01/01;1300 UTC;0;1005,1;1005,2;1005,1;3297,6;32,6;26,8;32,6;28,8;26,8;24,9;83;69;72;136;2,6;1,9;
2026/01/01;1400 UTC;0;1004,8;1005,2;1004,8;3490,3;31,9;25;33,5;30,7;26,9;23,9;73;63;67;134;3,1;1,9;
2026/01/01;1500 UTC;0;1004,2;1004,8;1004,2;3658,5;32,1;24,7;33,2;31;25,7;24,2;70;62;65;150;3,4;2,6;
2026/01/01;1600 UTC;0;1003,7;1004,2;1003,7;3811,9;32,4;24,3;33,4;30,9;25,2;24;68;60;63;194;4,3;1,8;
2026/01/01;1700 UTC;0;1002,9;1003,7;1002,8;3543,4;32,3;23,9;33;31,8;25,2;23,7;66;60;61;208;4;1,5;
2026/01/01;1800 UTC;0;1002;1002,9;1002;2785,8;30,8;23,7;32,6;30,2;24,5;22,5;66;60;66;197;4,3;1,7;
2026/01/01;1900 UTC;0;1001,6;1002,2;1001,6;716,7;29,6;23,8;30,8;28,6;24,1;23,1;74;66;71;170;4,1;2,2;
2026/01/01;2000 UTC;0;1002,1;1002,3;1001,6;792,9;28,6;23,5;29,8;28,4;23,9;23,2;76;70;74;81;5,4;3,3;
2026/01/01;2100 UTC;;;;;;;;;;;;;;;;;;
2026/01/01;2200 UTC;;;;;;;;;;;;;;;;;;
2026/01/01;2300 UTC;;;;;;;;;;;;;;;;;;
2026/01/02;0000 UTC;;;;;;;;;;;;;;;;;;
2026/01/02;0100 UTC;;;;;;;;;;;;;;;;;;
2026/01/02;0200 UTC;;;;;;;;;;;;;;;;;;
2026/01/02;0300 UTC;;;;;;;;;;;;;;;;;;
2026/01/02;0400 UTC;;;;;;;;;;;;;;;;;;
2026/01/02;0500 UTC;;;;;;;;;;;;;;;;;;
2026/01/02;0600 UTC;;;;;;;;;;;;;;;;;;
2026/01/02;0700 UTC;;;;;;;;;;;;;;;;;;
2026/01/02;0800 UTC;;;;;;;;;;;;;;;;;;
2026/01/02;0900 UTC;;;;;;;;;;;;;;;;;;
2026/01/02;1000 UTC;;;;;;;;;;;;;;;;;;
2026/01/02;1100 UTC;;;;;;;;;;;;;;;;;;
2026/01/02;1200 UTC;0;1001,7;;;370,4;30;23,9;;;;;;;70;77;;1,2;
2026/01/02;1300 UTC;0;1001,3;1001,6;1001,3;1949,4;32,3;22,6;32,4;29,7;24,6;22,6;70;57;57;58;;1,8;
2026/01/02;1400 UTC;0;1001,1;1001,3;1001,1;2974,1;31,9;22,4;35,6;31,4;25,2;22,2;68;50;57;109;3,6;1,4;
2026/01/02;1500 UTC;0;1000,8;1001,1;1000,8;1954,2;31,8;24;33,9;31,8;24,7;22,3;66;51;63;129;2,7;1,6;
2026/01/02;1600 UTC;0;1000,2;1000,8;1000,2;1903,4;32;23,4;32,7;31,7;25,4;21,7;67;54;60;151;3,5;1,9;
2026/01/02;1700 UTC;0;999,5;1000,2;999,5;3677,2;33,1;26,1;35,1;32;26,1;22,4;67;53;67;158;3,8;3,1;
2026/01/02;1800 UTC;0;998,9;999,5;998,9;2883,8;32,9;26,3;33,6;31,8;26,6;24,9;71;63;69;197;4,5;1,8;
2026/01/02;1900 UTC;0;998,6;998,9;998,6;2210,1;31,4;24,9;33;31,1;26,5;24,4;70;62;68;159;3,3;1,4;
2026/01/02;2000 UTC;0;999,4;999,4;998,6;765,4;30,1;24,7;31,5;30,1;25,4;24;73;68;73;200;4,1;2;
2026/01/02;2100 UTC;;;;;;;;;;;;;;;;;;
2026/01/02;2200 UTC;;;;;;;;;;;;;;;;;;
2026/01/02;2300 UTC;;;;;;;;;;;;;;;;;;
2026/01/03;0000 UTC;;;;;;;;;;;;;;;;;;
2026/01/03;0100 UTC;;;;;;;;;;;;;;;;;;
2026/01/03;0200 UTC;;;;;;;;;;;;;;;;;;
2026/01/03;0300 UTC;;;;;;;;;;;;;;;;;;
2026/01/03;0400 UTC;;;;;;;;;;;;;;;;;;
2026/01/03;0500 UTC;;;;;;;;;;;;;;;;;;
2026/01/03;0600 UTC;;;;;;;;;;;;;;;;;;
2026/01/03;0700 UTC;;;;;;;;;;;;;;;;;;
2026/01/03;0800 UTC;;;;;;;;;;;;;;;;;;
2026/01/03;0900 UTC;;;;;;;;;;;;;;;;;;
2026/01/03;1000 UTC;;;;;;;;;;;;;;;;;;
2026/01/03;1100 UTC;;;;;;;;;;;;;;;;;;
2026/01/03;1200 UTC;0;1002,1;;;1376,1;29,1;25;;;;;;;79;102;;1,3;
2026/01/03;1300 UTC;0;1002,2;1002,3;1002;3110;30,8;24,8;30,8;28;25,6;24;83;69;70;161;3;1,9;
2026/01/03;1400 UTC;,2;1002,1;1002,2;1002,1;2753;29,7;24,3;31,6;29,5;25,3;23,8;75;67;73;205;3,2;1,4;
2026/01/03;1500 UTC;0;1001,8;1002,1;1001,8;2730,5;31;24,9;31,8;29,2;25,2;23,5;76;64;70;198;3,7;1,4;
2026/01/03;1600 UTC;0;1001,2;1001,8;1001,2;3777,8;31,5;25,1;31,7;30,7;25,1;23,9;70;65;69;151;3,1;2;
2026/01/03;1700 UTC;0;1001,1;1001,3;1001,1;3511,5;31,9;24,7;32,3;30,7;25,3;23,9;70;64;66;170;4,5;3;
2026/01/03;1800 UTC;;;;;;;;;;;;;;;;;;
2026/01/03;1900 UTC;;;;;;;;;;;;;;;;;;
2026/01/03;2000 UTC;;;;;;;;;;;;;;;;;;
2026/01/03;2100 UTC;;;;;;;;;;;;;;;;;;
2026/01/03;2200 UTC;;;;;;;;;;;;;;;;;;
2026/01/03;2300 UTC;;;;;;;;;;;;;;;;;;
2026/01/04;0000 UTC;;;;;;;;;;;;;;;;;;
2026/01/04;0100 UTC;;;;;;;;;;;;;;;;;;
2026/01/04;0200 UTC;;;;;;;;;;;;;;;;;;
2026/01/04;0300 UTC;;;;;;;;;;;;;;;;;;
2026/01/04;0400 UTC;;;;;;;;;;;;;;;;;;
2026/01/04;0500 UTC;;;;;;;;;;;;;;;;;;
2026/01/04;0600 UTC;;;;;;;;;;;;;;;;;;
2026/01/04;0700 UTC;;;;;;;;;;;;;;;;;;
2026/01/04;0800 UTC;;;;;;;;;;;;;;;;;;
2026/01/04;0900 UTC;;;;;;;;;;;;;;;;;;
2026/01/04;1000 UTC;;;;;;;;;;;;;;;;;;
2026/01/04;1100 UTC;;;;;;;;;;;;;;;;;;
2026/01/04;1200 UTC;;;;;;;;;;;;;;;;;;
2026/01/04;1300 UTC;0;1006,6;1006,6;1006,1;3213,5;28,1;23,5;29,6;27,4;26,3;23,3;91;74;76;137;9,4;7,4;
2026/01/04;1400 UTC;0;1006,5;1006,7;1006,4;2205;29,5;24,3;29,6;27,9;25,6;23,6;81;74;74;134;;10,1;
2026/01/04;1500 UTC;;;;;;;;;;;;;;;;;;
2026/01/04;1600 UTC;;;;;;;;;;;;;;;;;;
2026/01/04;1700 UTC;;;;;;;;;;;;;;;;;;
2026/01/04;1800 UTC;;;;;;;;;;;;;;;;;;
2026/01/04;1900 UTC;;;;;;;;;;;;;;;;;;
2026/01/04;2000 UTC;;;;;;;;;;;;;;;;;;
2026/01/04;2100 UTC;;;;;;;;;;;;;;;;;;
2026/01/04;2200 UTC;;;;;;;;;;;;;;;;;;
2026/01/04;2300 UTC;;;;;;;;;;;;;;;;;;
2026/01/05;0000 UTC;;;;;;;;;;;;;;;;;;
2026/01/05;0100 UTC;;;;;;;;;;;;;;;;;;
2026/01/05;0200 UTC;;;;;;;;;;;;;;;;;;
2026/01/05;0300 UTC;;;;;;;;;;;;;;;;;;
2026/01/05;0400 UTC;;;;;;;;;;;;;;;;;;
2026/01/05;0500 UTC;;;;;;;;;;;;;;;;;;
2026/01/05;0600 UTC;;;;;;;;;;;;;;;;;;
2026/01/05;0700 UTC;;;;;;;;;;;;;;;;;;
2026/01/05;0800 UTC;;;;;;;;;;;;;;;;;;
2026/01/05;0900 UTC;;;;;;;;;;;;;;;;;;
2026/01/05;1000 UTC;;;;;;;;;;;;;;;;;;
2026/01/05;1100 UTC;;;;;;;;;;;;;;;;;;
2026/01/05;1200 UTC;;;;;;;;;;;;;;;;;;
2026/01/05;1300 UTC;;;;;;;;;;;;;;;;;;
2026/01/05;1400 UTC;;;;;;;;;;;;;;;;;;
2026/01/05;1500 UTC;;;;;;;;;;;;;;;;;;
2026/01/05;1600 UTC;;;;;;;;;;;;;;;;;;
2026/01/05;1700 UTC;;;;;;;;;;;;;;;;;;
2026/01/05;1800 UTC;;;;;;;;;;;;;;;;;;
2026/01/05;1900 UTC;;;;;;;;;;;;;;;;;;
2026/01/05;2000 UTC;;;;;;;;;;;;;;;;;;
2026/01/05;2100 UTC;;;;;;;;;;;;;;;;;;
2026/01/05;2200 UTC;;;;;;;;;;;;;;;;;;
2026/01/05;2300 UTC;;;;;;;;;;;;;;;;;;
2026/01/06;0000 UTC;;;;;;;;;;;;;;;;;;
2026/01/06;0100 UTC;;;;;;;;;;;;;;;;;;
2026/01/06;0200 UTC;;;;;;;;;;;;;;;;;;
2026/01/06;0300 UTC;;;;;;;;;;;;;;;;;;
2026/01/06;0400 UTC;;;;;;;;;;;;;;;;;;
2026/01/06;0500 UTC;;;;;;;;;;;;;;;;;;
2026/01/06;0600 UTC;;;;;;;;;;;;;;;;;;
2026/01/06;0700 UTC;;;;;;;;;;;;;;;;;;
2026/01/06;0800 UTC;;;;;;;;;;;;;;;;;;
2026/01/06;0900 UTC;;;;;;;;;;;;;;;;;;
2026/01/06;1000 UTC;;;;;;;;;;;;;;;;;;
2026/01/06;1100 UTC;;;;;;;;;;;;;;;;;;
2026/01/06;1200 UTC;;;;;;;;;;;;;;;;;;
2026/01/06;1300 UTC;0;1015;;;2344;26;19,2;;;;;;;66;93;;4,8;
2026/01/06;1400 UTC;;;;;;;;;;;;;;;;;;
2026/01/06;1500 UTC;;;;;;;;;;;;;;;;;;
2026/01/06;1600 UTC;;;;;;;;;;;;;;;;;;
2026/01/06;1700 UTC;;;;;;;;;;;;;;;;;;
2026/01/06;1800 UTC;;;;;;;;;;;;;;;;;;
2026/01/06;1900 UTC;;;;;;;;;;;;;;;;;;
2026/01/06;2000 UTC;;;;;;;;;;;;;;;;;;
2026/01/06;2100 UTC;;;;;;;;;;;;;;;;;;
2026/01/06;2200 UTC;;;;;;;;;;;;;;;;;;
2026/01/06;2300 UTC;;;;;;;;;;;;;;;;;;
2026/01/07;0000 UTC;;;;;;;;;;;;;;;;;;
2026/01/07;0100 UTC;;;;;;;;;;;;;;;;;;
2026/01/07;0200 UTC;;;;;;;;;;;;;;;;;;
2026/01/07;0300 UTC;;;;;;;;;;;;;;;;;;
2026/01/07;0400 UTC;;;;;;;;;;;;;;;;;;
2026/01/07;0500 UTC;;;;;;;;;;;;;;;;;;
2026/01/07;0600 UTC;;;;;;;;;;;;;;;;;;
2026/01/07;0700 UTC;;;;;;;;;;;;;;;;;;
2026/01/07;0800 UTC;;;;;;;;;;;;;;;;;;
2026/01/07;0900 UTC;;;;;;;;;;;;;;;;;;
2026/01/07;1000 UTC;;;;;;;;;;;;;;;;;;
2026/01/07;1100 UTC;;;;;;;;;;;;;;;;;;
2026/01/07;1200 UTC;;;;;;;;;;;;;;;;;;
2026/01/07;1300 UTC;;;;;;;;;;;;;;;;;;
2026/01/07;1400 UTC;;;;;;;;;;;;;;;;;;
2026/01/07;1500 UTC;;;;;;;;;;;;;;;;;;
2026/01/07;1600 UTC;;;;;;;;;;;;;;;;;;
2026/01/07;1700 UTC;;;;;;;;;;;;;;;;;;
2026/01/07;1800 UTC;;;;;;;;;;;;;;;;;;
2026/01/07;1900 UTC;;;;;;;;;;;;;;;;;;
2026/01/07;2000 UTC;;;;;;;;;;;;;;;;;;
2026/01/07;2100 UTC;;;;;;;;;;;;;;;;;;
2026/01/07;2200 UTC;;;;;;;;;;;;;;;;;;
2026/01/07;2300 UTC;;;;;;;;;;;;;;;;;;
2026/01/08;0000 UTC;;;;;;;;;;;;;;;;;;
2026/01/08;0100 UTC;;;;;;;;;;;;;;;;;;
2026/01/08;0200 UTC;;;;;;;;;;;;;;;;;;
2026/01/08;0300 UTC;;;;;;;;;;;;;;;;;;
2026/01/08;0400 UTC;;;;;;;;;;;;;;;;;;
2026/01/08;0500 UTC;;;;;;;;;;;;;;;;;;
2026/01/08;0600 UTC;;;;;;;;;;;;;;;;;;
2026/01/08;0700 UTC;;;;;;;;;;;;;;;;;;
2026/01/08;0800 UTC;;;;;;;;;;;;;;;;;;
2026/01/08;0900 UTC;;;;;;;;;;;;;;;;;;
2026/01/08;1000 UTC;;;;;;;;;;;;;;;;;;
2026/01/08;1100 UTC;;;;;;;;;;;;;;;;;;
2026/01/08;1200 UTC;;;;;;;;;;;;;;;;;;
2026/01/08;1300 UTC;0;1011,6;1011,7;1011,5;;29,4;21,5;30,2;28,3;22;21,2;68;59;63;91;;2,6;
2026/01/08;1400 UTC;0;1011,1;;;1789,8;28,2;21,8;;;;;;;68;;;;
2026/01/08;1500 UTC;;;;;;;;;;;;;;;;;;
2026/01/08;1600 UTC;0;1010,6;;;3527,6;26,8;23,2;;;;;;;81;59;;2,8;
2026/01/08;1700 UTC;0;1010,3;1010,6;1010,3;2125,8;28;22,5;28,3;26,9;23,3;21,7;81;71;72;44;6,2;1,5;
2026/01/08;1800 UTC;0;1009,9;1010,3;1009,9;1682,6;27,9;21,3;28,5;27,7;23,1;21,3;74;66;67;77;4,3;1,5;
2026/01/08;1900 UTC;;;;;;;;;;;;;;;;;;
2026/01/08;2000 UTC;;;;;;;;;;;;;;;;;;
2026/01/08;2100 UTC;;;;;;;;;;;;;;;;;;
2026/01/08;2200 UTC;;;;;;;;;;;;;;;;;;
2026/01/08;2300 UTC;;;;;;;;;;;;;;;;;;
2026/01/09;0000 UTC;;;;;;;;;;;;;;;;;;
2026/01/09;0100 UTC;;;;;;;;;;;;;;;;;;
2026/01/09;0200 UTC;;;;;;;;;;;;;;;;;;
2026/01/09;0300 UTC;;;;;;;;;;;;;;;;;;
2026/01/09;0400 UTC;;;;;;;;;;;;;;;;;;
2026/01/09;0500 UTC;;;;;;;;;;;;;;;;;;
2026/01/09;0600 UTC;;;;;;;;;;;;;;;;;;
2026/01/09;0700 UTC;;;;;;;;;;;;;;;;;;
2026/01/09;0800 UTC;;;;;;;;;;;;;;;;;;
2026/01/09;0900 UTC;;;;;;;;;;;;;;;;;;
2026/01/09;1000 UTC;;;;;;;;;;;;;;;;;;
2026/01/09;1100 UTC;0;1011,4;;;952,8;28,9;22,9;;;;;;;70;;;;
2026/01/09;1200 UTC;0;1011,4;;;2426,5;29,7;22,8;;;;;;;66;76;;1,9;
2026/01/09;1300 UTC;0;1011,7;1011,8;1011,4;3367,8;29;23,1;30,2;28,8;23,9;22,6;73;64;71;88;5,5;2,9;
2026/01/09;1400 UTC;0;1011,5;1011,7;1011,5;3818,5;29,7;23,2;29,7;28,4;23,7;22,5;73;68;68;100;5,3;2,5;
2026/01/09;1500 UTC;0;1011,1;1011,5;1011,1;3975,5;29,8;23;30,2;29;23,2;22,1;70;64;67;85;4,8;2,1;
2026/01/09;1600 UTC;0;1010,8;1011,2;1010,8;3935,6;30,7;23,7;30,8;29,5;24,1;22,8;71;64;67;100;4;1,5;
2026/01/09;1700 UTC;0;1010,1;1010,8;1010,1;3657,6;30,4;22,7;31,7;29,8;24,2;22,7;68;63;63;87;3,4;2;
2026/01/09;1800 UTC;;;;;;;;;;;;;;;;;;
2026/01/09;1900 UTC;;;;;;;;;;;;;;;;;;
2026/01/09;2000 UTC;;;;;;;;;;;;;;;;;;
2026/01/09;2100 UTC;;;;;;;;;;;;;;;;;;
2026/01/09;2200 UTC;;;;;;;;;;;;;;;;;;
2026/01/09;2300 UTC;;;;;;;;;;;;;;;;;;
2026/01/10;0000 UTC;;;;;;;;;;;;;;;;;;
2026/01/10;0100 UTC;;;;;;;;;;;;;;;;;;
2026/01/10;0200 UTC;;;;;;;;;;;;;;;;;;
2026/01/10;0300 UTC;;;;;;;;;;;;;;;;;;
2026/01/10;0400 UTC;;;;;;;;;;;;;;;;;;
2026/01/10;0500 UTC;;;;;;;;;;;;;;;;;;
2026/01/10;0600 UTC;;;;;;;;;;;;;;;;;;
2026/01/10;0700 UTC;;;;;;;;;;;;;;;;;;
2026/01/10;0800 UTC;;;;;;;;;;;;;;;;;;
2026/01/10;0900 UTC;;;;;;;;;;;;;;;;;;
2026/01/10;1000 UTC;;;;;;;;;;;;;;;;;;
2026/01/10;1100 UTC;;;;;;;;;;;;;;;;;;
2026/01/10;1200 UTC;;;;;;;;;;;;;;;;;;
2026/01/10;1300 UTC;0;1010,6;1010,8;1010,6;;29,2;22,5;29,6;27,4;23,2;22;75;66;67;98;;3;
2026/01/10;1400 UTC;0;1010,1;1010,7;1010,1;3793,3;28,8;22,2;29,2;28,1;22,7;21,6;71;65;68;82;5,9;3,4;
2026/01/10;1500 UTC;0;1009,5;1010,2;1009,5;4025,9;29,1;22,2;29,6;27,2;22,9;21,6;74;63;67;85;5,7;3,4;
2026/01/10;1600 UTC;0;1008,9;1009,5;1008,9;4010,3;29,8;22,8;30;29;23;21,7;68;63;66;85;5,7;2,7;
2026/01/10;1700 UTC;0;1007,9;1008,9;1007,9;3728,5;29,8;21,1;30,8;29,3;23;20,7;66;59;60;63;5,5;2,8;
2026/01/10;1800 UTC;0;1007,1;1007,9;1007,1;3204,2;28,3;21,4;30;27,9;22,2;20,9;68;60;66;57;7,8;3,6;
2026/01/10;1900 UTC;0;1006,4;1007,2;1006,4;2483,7;27,1;20,7;28,5;27,1;21,6;20,6;69;65;68;99;10,1;7;
2026/01/10;2000 UTC;;;;;;;;;;;;;;;;;;
2026/01/10;2100 UTC;;;;;;;;;;;;;;;;;;
2026/01/10;2200 UTC;;;;;;;;;;;;;;;;;;
2026/01/10;2300 UTC;;;;;;;;;;;;;;;;;;
2026/01/11;0000 UTC;;;;;;;;;;;;;;;;;;
2026/01/11;0100 UTC;;;;;;;;;;;;;;;;;;
2026/01/11;0200 UTC;;;;;;;;;;;;;;;;;;
2026/01/11;0300 UTC;;;;;;;;;;;;;;;;;;
2026/01/11;0400 UTC;;;;;;;;;;;;;;;;;;
2026/01/11;0500 UTC;;;;;;;;;;;;;;;;;;
2026/01/11;0600 UTC;;;;;;;;;;;;;;;;;;
2026/01/11;0700 UTC;;;;;;;;;;;;;;;;;;
2026/01/11;0800 UTC;;;;;;;;;;;;;;;;;;
2026/01/11;0900 UTC;;;;;;;;;;;;;;;;;;
2026/01/11;1000 UTC;;;;;;;;;;;;;;;;;;
2026/01/11;1100 UTC;0;1008,3;;;1499,5;30,9;19,1;;;;;;;50;69;;1,1;
2026/01/11;1200 UTC;0;1008,3;1008,3;1008,1;2574,1;33,3;18,4;33,4;30,4;19,7;17,7;53;40;41;20;4,7;1,4;
2026/01/11;1300 UTC;0;1008,7;1008,7;1008,2;3328,6;29,2;19,9;33,7;28,4;20,4;17,4;61;40;57;266;4,4;2;
2026/01/11;1400 UTC;0;1008,5;1008,7;1008,5;3830,6;28,1;21,7;29,9;27,3;21,7;20;69;55;68;124;4;1,8;
2026/01/11;1500 UTC;0;1008,1;1008,5;1008,1;4082,4;29,3;22;29,6;27,3;22,8;21,1;72;62;65;83;4,2;2,4;
2026/01/11;1600 UTC;0;1007,3;1008,1;1007,3;4056,4;30,6;21,2;30,7;28,7;22,3;20,6;66;58;58;81;5,8;2,5;
2026/01/11;1700 UTC;0;1006,5;1007,3;1006,5;3792,2;28,2;21,5;30,5;28,2;22;20,7;67;57;67;51;9,1;2,9;
2026/01/11;1800 UTC;0;1006;1006,5;1006;3252,5;27,5;20,8;29,1;27,5;22,2;20,6;68;64;67;47;5,9;2,6;
2026/01/11;1900 UTC;0;1005,5;1006;1005,5;2485,3;27,5;20,8;28,1;27,2;21,3;20,7;68;65;67;81;9,8;6;
2026/01/11;2000 UTC;;;;;;;;;;;;;;;;;;
2026/01/11;2100 UTC;;;;;;;;;;;;;;;;;;
2026/01/11;2200 UTC;;;;;;;;;;;;;;;;;;
2026/01/11;2300 UTC;;;;;;;;;;;;;;;;;;
2026/01/12;0000 UTC;;;;;;;;;;;;;;;;;;
2026/01/12;0100 UTC;;;;;;;;;;;;;;;;;;
2026/01/12;0200 UTC;;;;;;;;;;;;;;;;;;
2026/01/12;0300 UTC;;;;;;;;;;;;;;;;;;
2026/01/12;0400 UTC;;;;;;;;;;;;;;;;;;
2026/01/12;0500 UTC;;;;;;;;;;;;;;;;;;
2026/01/12;0600 UTC;;;;;;;;;;;;;;;;;;
2026/01/12;0700 UTC;;;;;;;;;;;;;;;;;;
2026/01/12;0800 UTC;;;;;;;;;;;;;;;;;;
2026/01/12;0900 UTC;;;;;;;;;;;;;;;;;;
2026/01/12;1000 UTC;;;;;;;;;;;;;;;;;;
2026/01/12;1100 UTC;;;;;;;;;;;;;;;;;;
2026/01/12;1200 UTC;0;1008;1008;1007,7;4070,4;29;21,2;30,9;28,1;21,2;18,7;63;49;63;261;3,5;2,1;
2026/01/12;1300 UTC;0;1008,1;1008,3;1008;3292,2;29,3;20,8;31;28,2;21,4;19,4;66;51;60;239;4,4;1,7;
2026/01/12;1400 UTC;0;1007,8;1008,1;1007,7;3763,3;31,7;20,8;34;29,2;21,3;18,8;61;42;53;205;3,4;1,4;
2026/01/12;1500 UTC;0;1007,3;1007,8;1007,2;4009,3;29,4;22,1;32,6;29,3;23,1;20,5;65;49;65;95;6,9;3,3;
2026/01/12;1600 UTC;0;1007;1007,3;1006,9;3999,6;30,1;21;30,1;29;22,2;20,2;66;56;58;44;7,1;2,9;
2026/01/12;1700 UTC;0;1006,7;1007;1006,7;3684,4;30,4;20,9;31,1;29,2;21,4;19;62;52;57;68;9,4;2,9;
2026/01/12;1800 UTC;0;1006,2;1006,7;1006,2;3124,2;28,7;20,5;31,1;28,6;21,1;19,5;63;51;61;82;9;4,8;
2026/01/12;1900 UTC;0;1005,8;1006,3;1005,8;2408,7;28,3;20,2;29;28;20,8;19,4;64;56;62;67;11,3;4,1;
2026/01/12;2000 UTC;;;;;;;;;;;;;;;;;;
2026/01/12;2100 UTC;;;;;;;;;;;;;;;;;;
2026/01/12;2200 UTC;;;;;;;;;;;;;;;;;;
2026/01/12;2300 UTC;;;;;;;;;;;;;;;;;;
2026/01/13;0000 UTC;;;;;;;;;;;;;;;;;;
2026/01/13;0100 UTC;;;;;;;;;;;;;;;;;;
2026/01/13;0200 UTC;;;;;;;;;;;;;;;;;;
2026/01/13;0300 UTC;;;;;;;;;;;;;;;;;;
2026/01/13;0400 UTC;;;;;;;;;;;;;;;;;;
2026/01/13;0500 UTC;;;;;;;;;;;;;;;;;;
2026/01/13;0600 UTC;;;;;;;;;;;;;;;;;;
2026/01/13;0700 UTC;;;;;;;;;;;;;;;;;;
2026/01/13;0800 UTC;;;;;;;;;;;;;;;;;;
2026/01/13;0900 UTC;;;;;;;;;;;;;;;;;;
2026/01/13;1000 UTC;;;;;;;;;;;;;;;;;;
2026/01/13;1100 UTC;0;1009,7;;;1693,4;26,8;21,7;;;;;;;73;258;;1,5;
2026/01/13;1200 UTC;0;1010,2;1010,2;1009,8;2455,7;28,6;22,3;29,3;26,9;22,8;21,5;75;65;69;149;3,3;1,3;
2026/01/13;1300 UTC;0;1010,7;1010,7;1010,2;3223,5;28;22,4;29,7;27,7;23,3;21,8;73;66;72;220;2,7;1,4;
2026/01/13;1400 UTC;0;1011;1011,1;1010,6;3647,7;28;22,9;28,9;27,8;23,6;22,4;76;71;74;251;5,9;3,4;
2026/01/13;1500 UTC;0;1010,9;1011,2;1010,9;3830,5;27,3;23,3;28,2;27,3;23,4;22,9;79;74;79;252;9,4;4,7;
2026/01/13;1600 UTC;0;1010,8;1010,9;1010,8;3803,3;27,6;23,3;27,7;27;23,6;23,1;81;77;78;259;9,5;3;
2026/01/13;1700 UTC;0;1009,9;1010,9;1009,9;3578,8;28,2;23,1;28,6;27,6;23,5;23;78;73;74;253;6,1;3,2;
2026/01/13;1800 UTC;0;1010,4;1010,4;1009,2;3101,1;29,6;22,6;30,3;28,2;23,5;22,6;75;65;66;255;6;1,8;
2026/01/13;1900 UTC;0;1010,3;1011;1010,2;1820,6;29,6;22,9;30,3;28,8;23,6;22,3;70;65;67;242;4,4;1,6;
2026/01/13;2000 UTC;;;;;;;;;;;;;;;;;;
2026/01/13;2100 UTC;;;;;;;;;;;;;;;;;;
2026/01/13;2200 UTC;;;;;;;;;;;;;;;;;;
2026/01/13;2300 UTC;;;;;;;;;;;;;;;;;;
2026/01/14;0000 UTC;;;;;;;;;;;;;;;;;;
2026/01/14;0100 UTC;;;;;;;;;;;;;;;;;;
2026/01/14;0200 UTC;;;;;;;;;;;;;;;;;;
2026/01/14;0300 UTC;;;;;;;;;;;;;;;;;;
2026/01/14;0400 UTC;;;;;;;;;;;;;;;;;;
2026/01/14;0500 UTC;;;;;;;;;;;;;;;;;;
2026/01/14;0600 UTC;;;;;;;;;;;;;;;;;;
2026/01/14;0700 UTC;;;;;;;;;;;;;;;;;;
2026/01/14;0800 UTC;;;;;;;;;;;;;;;;;;
2026/01/14;0900 UTC;;;;;;;;;;;;;;;;;;
2026/01/14;1000 UTC;;;;;;;;;;;;;;;;;;
2026/01/14;1100 UTC;0;1011,3;;;1832,2;27,6;21,8;;;;;;;71;87;;3,2;
2026/01/14;1200 UTC;0;1011,5;1011,6;1011,3;2482,8;28,2;22,4;30,6;27,1;23,2;21,8;76;64;71;88;4;2,4;
2026/01/14;1300 UTC;0;1011,5;1011,6;1011,5;3213;27,6;22,6;30,4;27,6;23,2;22,2;74;64;74;85;5,1;3,6;
2026/01/14;1400 UTC;0;1011,3;1011,5;1011,2;3700,3;28,3;22,6;28,7;27,6;22,9;22,1;74;69;72;88;6,3;4,6;
2026/01/14;1500 UTC;0;1010,8;1011,3;1010,8;3906,1;28,5;22,7;29,4;28,1;23,2;22,1;72;66;71;82;6,4;3,2;
2026/01/14;1600 UTC;0;1010,2;1010,8;1010,2;3888,3;29,1;22,3;29,2;27,3;22,9;21,9;74;66;67;85;6;2,6;
2026/01/14;1700 UTC;0;1009,6;1010,2;1009,5;3627,5;28,7;21,8;31,2;28,5;22,9;21,4;67;60;66;83;5,5;3,2;
2026/01/14;1800 UTC;0;1008,8;1009,6;1008,7;3168;28,3;21,2;29,8;27,4;22,3;21,1;71;63;65;82;8,4;1,4;
2026/01/14;1900 UTC;0;1008,3;1008,8;1008,1;2535,8;28,4;21,6;30;27,9;22,3;21,2;69;62;66;83;9,8;2,9;
2026/01/14;2000 UTC;;;;;;;;;;;;;;;;;;
2026/01/14;2100 UTC;;;;;;;;;;;;;;;;;;
2026/01/14;2200 UTC;;;;;;;;;;;;;;;;;;
2026/01/14;2300 UTC;;;;;;;;;;;;;;;;;;
2026/01/15;0000 UTC;;;;;;;;;;;;;;;;;;
2026/01/15;0100 UTC;;;;;;;;;;;;;;;;;;
2026/01/15;0200 UTC;;;;;;;;;;;;;;;;;;
2026/01/15;0300 UTC;;;;;;;;;;;;;;;;;;
2026/01/15;0400 UTC;;;;;;;;;;;;;;;;;;
2026/01/15;0500 UTC;;;;;;;;;;;;;;;;;;
2026/01/15;0600 UTC;;;;;;;;;;;;;;;;;;
2026/01/15;0700 UTC;;;;;;;;;;;;;;;;;;
2026/01/15;0800 UTC;;;;;;;;;;;;;;;;;;
2026/01/15;0900 UTC;;;;;;;;;;;;;;;;;;
2026/01/15;1000 UTC;;;;;;;;;;;;;;;;;;
2026/01/15;1100 UTC;0;1011,4;;;1839,6;29,3;20,5;;;;;;;59;65;;1,5;
2026/01/15;1200 UTC;0;1011,7;1011,8;1011,5;2418,6;28,9;21,9;30,1;27,6;22,1;19,9;70;55;66;100;;2,3;
2026/01/15;1300 UTC;0;1012,1;1012,1;1011,7;3336,6;29,4;21,2;30,6;28,5;22,2;20,9;67;58;61;104;4;2,5;
2026/01/15;1400 UTC;0;1011,9;1012,1;1011,9;3670,4;29,3;20,6;30,2;28,9;21,9;20,2;64;58;59;84;4,6;3,1;
2026/01/15;1500 UTC;0;1011,6;1011,9;1011,6;3929,2;28,7;19,8;30,4;28,5;20,7;19,4;62;54;58;83;5,6;1,9;
2026/01/15;1600 UTC;0;1011;1011,6;1011;3853,2;29;20,3;30;28,7;20,8;19,7;60;56;59;82;4,3;2,6;
2026/01/15;1700 UTC;0;1010,1;1011;1010,1;3317,7;27,4;20;29,5;26,9;20,7;19,1;65;57;64;68;6;2,4;
2026/01/15;1800 UTC;0;1009,5;1010,2;1009,5;3115,7;27,5;19,5;28,5;26,9;20,4;19,5;65;59;62;62;7;2,1;
2026/01/15;1900 UTC;0;1008,9;1009,5;1008,9;2383,1;27,9;20,5;28;26,9;20,7;19,7;67;62;64;83;5,5;1,5;
2026/01/15;2000 UTC;;;;;;;;;;;;;;;;;;
2026/01/15;2100 UTC;;;;;;;;;;;;;;;;;;
2026/01/15;2200 UTC;;;;;;;;;;;;;;;;;;
2026/01/15;2300 UTC;;;;;;;;;;;;;;;;;;
2026/01/16;0000 UTC;;;;;;;;;;;;;;;;;;
2026/01/16;0100 UTC;;;;;;;;;;;;;;;;;;
2026/01/16;0200 UTC;;;;;;;;;;;;;;;;;;
2026/01/16;0300 UTC;;;;;;;;;;;;;;;;;;
2026/01/16;0400 UTC;;;;;;;;;;;;;;;;;;
2026/01/16;0500 UTC;;;;;;;;;;;;;;;;;;
2026/01/16;0600 UTC;;;;;;;;;;;;;;;;;;
2026/01/16;0700 UTC;;;;;;;;;;;;;;;;;;
2026/01/16;0800 UTC;;;;;;;;;;;;;;;;;;
2026/01/16;0900 UTC;;;;;;;;;;;;;;;;;;
2026/01/16;1000 UTC;;;;;;;;;;;;;;;;;;
2026/01/16;1100 UTC;0;1011,1;;;1168,3;28,2;20,1;;;;;;;62;60;;2,3;
2026/01/16;1200 UTC;0;1011,4;1011,5;1011,2;2314,6;30,3;19,6;30,3;28,6;20,4;19,6;60;53;53;77;5,3;1,6;
2026/01/16;1300 UTC;0;1011,3;1011,4;1011,2;2998,3;27,8;21,2;31,1;26,8;21,7;19,4;72;50;67;91;4,6;2,4;
2026/01/16;1400 UTC;0;1011,2;1011,3;1011,1;3530,8;28,7;21,3;28,9;26,8;21,8;20,9;72;63;64;82;4,8;2,9;
2026/01/16;1500 UTC;0;1010,8;1011,2;1010,8;3859,3;28;20,9;29,9;27,5;21,4;20,2;67;59;65;105;5,1;1,5;
2026/01/16;1600 UTC;0;1010,2;1010,8;1010,2;3429,4;29,4;21,2;29,8;27,8;21,5;20,4;66;59;61;85;3,8;2,1;
2026/01/16;1700 UTC;0;1009,5;1010,2;1009,5;2383,9;28,4;20,8;29,5;27,6;21,5;20,5;66;60;64;86;3,5;2,2;
2026/01/16;1800 UTC;0;1008,7;1009,5;1008,7;2633,1;29,9;21,3;30,2;27,6;22,1;20,4;67;60;60;99;4,7;2,2;
2026/01/16;1900 UTC;0;1008,2;1008,7;1008,1;2157,8;27,6;20,8;29,8;26,8;21,3;20,4;69;60;66;90;8,5;3,4;
2026/01/16;2000 UTC;;;;;;;;;;;;;;;;;;
2026/01/16;2100 UTC;;;;;;;;;;;;;;;;;;
2026/01/16;2200 UTC;;;;;;;;;;;;;;;;;;
2026/01/16;2300 UTC;;;;;;;;;;;;;;;;;;
2026/01/17;0000 UTC;;;;;;;;;;;;;;;;;;
2026/01/17;0100 UTC;;;;;;;;;;;;;;;;;;
2026/01/17;0200 UTC;;;;;;;;;;;;;;;;;;
2026/01/17;0300 UTC;;;;;;;;;;;;;;;;;;
2026/01/17;0400 UTC;;;;;;;;;;;;;;;;;;
2026/01/17;0500 UTC;;;;;;;;;;;;;;;;;;
2026/01/17;0600 UTC;;;;;;;;;;;;;;;;;;
2026/01/17;0700 UTC;;;;;;;;;;;;;;;;;;
2026/01/17;0800 UTC;;;;;;;;;;;;;;;;;;
2026/01/17;0900 UTC;;;;;;;;;;;;;;;;;;
2026/01/17;1000 UTC;;;;;;;;;;;;;;;;;;
2026/01/17;1100 UTC;;;;;;;;;;;;;;;;;;
2026/01/17;1200 UTC;0;1008;1008,1;1008;2385,1;26,8;21,4;27,7;26,1;21,6;21;75;67;72;68;;2,6;
2026/01/17;1300 UTC;0;1008,1;1008,3;1008,1;2410,4;27,8;21,5;29,8;27,5;21,8;20,7;69;61;69;79;;2,8;
2026/01/17;1400 UTC;0;1007,7;1008,1;1007,7;2403,1;28,3;21,7;29,4;27,4;22,6;21;71;63;68;107;4,6;2,5;
2026/01/17;1500 UTC;0;1007,4;1007,7;1007,4;3150,6;28;21,8;29,6;26,6;22,5;20,9;72;62;69;83;4,6;1,8;
2026/01/17;1600 UTC;0;1006,6;1007,4;1006,6;2834,8;26,7;21,1;28,1;26,7;22,1;20,9;73;68;71;63;6;3,5;
2026/01/17;1700 UTC;0;1006;1006,6;1006;1967,5;27,3;20,9;28,1;26,6;21,5;20,8;72;66;68;73;7,1;3,2;
2026/01/17;1800 UTC;0;1005,4;1006;1005,4;2556,6;27,2;20,3;28,9;27,2;21,3;20,2;69;62;66;76;7,5;3,8;
2026/01/17;1900 UTC;0;1005;1005,4;1005;1715,4;27,4;20,3;27,6;26,2;20,7;20;70;65;65;85;9,3;5,6;
2026/01/17;2000 UTC;0;1004,7;1005;1004,7;1212,3;27;20;27,6;26,5;20,5;19,8;68;63;66;76;9,8;4,2;
2026/01/17;2100 UTC;;;;;;;;;;;;;;;;;;
2026/01/17;2200 UTC;;;;;;;;;;;;;;;;;;
2026/01/17;2300 UTC;;;;;;;;;;;;;;;;;;
2026/01/18;0000 UTC;;;;;;;;;;;;;;;;;;
2026/01/18;0100 UTC;;;;;;;;;;;;;;;;;;
2026/01/18;0200 UTC;;;;;;;;;;;;;;;;;;
2026/01/18;0300 UTC;;;;;;;;;;;;;;;;;;
2026/01/18;0400 UTC;;;;;;;;;;;;;;;;;;
2026/01/18;0500 UTC;;;;;;;;;;;;;;;;;;
2026/01/18;0600 UTC;;;;;;;;;;;;;;;;;;
2026/01/18;0700 UTC;;;;;;;;;;;;;;;;;;
2026/01/18;0800 UTC;;;;;;;;;;;;;;;;;;
2026/01/18;0900 UTC;;;;;;;;;;;;;;;;;;
2026/01/18;1000 UTC;;;;;;;;;;;;;;;;;;
2026/01/18;1100 UTC;0;1005,2;;;244,6;30,1;19,2;;;;;;;52;19;;1,9;
2026/01/18;1200 UTC;0;1005,5;1005,6;1005,3;1542,3;29,4;20;31,9;29,4;20,2;17,7;57;44;57;241;5,2;1,4;
2026/01/18;1300 UTC;0;1005,6;1005,6;1005,5;2262,5;31,2;19,7;32,6;28,8;21,4;19,3;63;46;50;162;3;1,3;
2026/01/18;1400 UTC;0;1005,5;1005,7;1005,4;1571;32,4;17;32,9;31,6;19,3;16,5;47;39;40;308;6,9;1,6;
2026/01/18;1500 UTC;0;1005,4;1005,5;1005,2;1094,2;32,5;17,9;32,5;31,4;18;16,6;44;40;42;299;5,9;2,1;
2026/01/18;1600 UTC;0;1004,7;1005,4;1004,7;3942,7;35,7;17;35,8;32,5;18,2;16,7;42;33;33;310;5,7;1,8;
2026/01/18;1700 UTC;0;1003,7;1004,7;1003,7;1926,6;33,3;16,4;35,7;33,1;17,3;16,3;37;33;36;343;7,5;2,1;
2026/01/18;1800 UTC;0;1002,9;1003,7;1002,9;2091,3;34,2;15,5;35,1;32,8;17,5;15,5;37;33;33;341;10,2;2,9;
2026/01/18;1900 UTC;0;1002,5;;;1235,5;33;15,7;;;;;;;35;297;;1,5;
2026/01/18;2000 UTC;;;;;;;;;;;;;;;;;;
2026/01/18;2100 UTC;;;;;;;;;;;;;;;;;;
2026/01/18;2200 UTC;;;;;;;;;;;;;;;;;;
2026/01/18;2300 UTC;;;;;;;;;;;;;;;;;;
2026/01/19;0000 UTC;;;;;;;;;;;;;;;;;;
2026/01/19;0100 UTC;;;;;;;;;;;;;;;;;;
2026/01/19;0200 UTC;;;;;;;;;;;;;;;;;;
2026/01/19;0300 UTC;;;;;;;;;;;;;;;;;;
2026/01/19;0400 UTC;;;;;;;;;;;;;;;;;;
2026/01/19;0500 UTC;;;;;;;;;;;;;;;;;;
2026/01/19;0600 UTC;;;;;;;;;;;;;;;;;;
2026/01/19;0700 UTC;;;;;;;;;;;;;;;;;;
2026/01/19;0800 UTC;;;;;;;;;;;;;;;;;;
2026/01/19;0900 UTC;;;;;;;;;;;;;;;;;;
2026/01/19;1000 UTC;;;;;;;;;;;;;;;;;;
2026/01/19;1100 UTC;;;;;;;;;;;;;;;;;;
2026/01/19;1200 UTC;;;;;;;;;;;;;;;;;;
2026/01/19;1300 UTC;0;1001,7;1001,7;1001;1392,4;32,9;18,7;32,9;31,7;19;17,7;45;41;43;114;7,2;1,6;
2026/01/19;1400 UTC;0;1001,9;1001,9;1001,7;1322,9;32,9;18,2;33,3;32,4;20,1;17,7;48;41;42;277;5;1,4;
2026/01/19;1500 UTC;0;1001,5;;;992,6;32,7;18,2;;;;;;;42;306;;1,8;
2026/01/19;1600 UTC;0;1001,3;1001,6;1001,3;2224,1;34,1;20,1;35;32,7;20,5;18,2;46;38;44;176;5,3;1,9;
2026/01/19;1700 UTC;0;1001,1;1001,3;1001,1;1803,3;32,9;21,4;33,8;31,5;21,8;19,3;56;44;51;95;5;1,8;
2026/01/19;1800 UTC;0;1000,7;;;1791,1;30,8;23;;;;;;;63;234;;2,3;
2026/01/19;1900 UTC;;;;;;;;;;;;;;;;;;
2026/01/19;2000 UTC;;;;;;;;;;;;;;;;;;
2026/01/19;2100 UTC;;;;;;;;;;;;;;;;;;
2026/01/19;2200 UTC;;;;;;;;;;;;;;;;;;
2026/01/19;2300 UTC;;;;;;;;;;;;;;;;;;
2026/01/20;0000 UTC;;;;;;;;;;;;;;;;;;
2026/01/20;0100 UTC;;;;;;;;;;;;;;;;;;
2026/01/20;0200 UTC;;;;;;;;;;;;;;;;;;
2026/01/20;0300 UTC;;;;;;;;;;;;;;;;;;
2026/01/20;0400 UTC;;;;;;;;;;;;;;;;;;
2026/01/20;0500 UTC;;;;;;;;;;;;;;;;;;
2026/01/20;0600 UTC;;;;;;;;;;;;;;;;;;
2026/01/20;0700 UTC;;;;;;;;;;;;;;;;;;
2026/01/20;0800 UTC;;;;;;;;;;;;;;;;;;
2026/01/20;0900 UTC;;;;;;;;;;;;;;;;;;
2026/01/20;1000 UTC;;;;;;;;;;;;;;;;;;
2026/01/20;1100 UTC;;;;;;;;;;;;;;;;;;
2026/01/20;1200 UTC;;;;;;;;;;;;;;;;;;
2026/01/20;1300 UTC;;;;;;;;;;;;;;;;;;
2026/01/20;1400 UTC;0;1009,7;;;357,9;25;21;;;;;;;78;;;;
2026/01/20;1500 UTC;;;;;;;;;;;;;;;;;;
2026/01/20;1600 UTC;;;;;;;;;;;;;;;;;;
2026/01/20;1700 UTC;;;;;;;;;;;;;;;;;;
2026/01/20;1800 UTC;0;1009,5;1009,5;1009,3;2427,1;23,9;19,2;25,2;23,5;21,3;19;81;72;75;173;11;6,4;
2026/01/20;1900 UTC;;;;;;;;;;;;;;;;;;
2026/01/20;2000 UTC;;;;;;;;;;;;;;;;;;
2026/01/20;2100 UTC;;;;;;;;;;;;;;;;;;
2026/01/20;2200 UTC;;;;;;;;;;;;;;;;;;
2026/01/20;2300 UTC;;;;;;;;;;;;;;;;;;
2026/01/21;0000 UTC;;;;;;;;;;;;;;;;;;
2026/01/21;0100 UTC;;;;;;;;;;;;;;;;;;
2026/01/21;0200 UTC;;;;;;;;;;;;;;;;;;
2026/01/21;0300 UTC;;;;;;;;;;;;;;;;;;
2026/01/21;0400 UTC;;;;;;;;;;;;;;;;;;
2026/01/21;0500 UTC;;;;;;;;;;;;;;;;;;
2026/01/21;0600 UTC;;;;;;;;;;;;;;;;;;
2026/01/21;0700 UTC;;;;;;;;;;;;;;;;;;
2026/01/21;0800 UTC;;;;;;;;;;;;;;;;;;
2026/01/21;0900 UTC;;;;;;;;;;;;;;;;;;
2026/01/21;1000 UTC;;;;;;;;;;;;;;;;;;
2026/01/21;1100 UTC;;;;;;;;;;;;;;;;;;
2026/01/21;1200 UTC;;;;;;;;;;;;;;;;;;
2026/01/21;1300 UTC;0;1011,7;;;1683,4;25;19,3;;;;;;;71;260;;1,2;
2026/01/21;1400 UTC;;;;;;;;;;;;;;;;;;
2026/01/21;1500 UTC;0;1011,4;;;1181;25,6;20,5;;;;;;;74;260;;2,5;
2026/01/21;1600 UTC;;;;;;;;;;;;;;;;;;
2026/01/21;1700 UTC;;;;;;;;;;;;;;;;;;
2026/01/21;1800 UTC;,2;1010,9;;;488,2;23,5;20,8;;;;;;;85;;;;
2026/01/21;1900 UTC;;;;;;;;;;;;;;;;;;
2026/01/21;2000 UTC;;;;;;;;;;;;;;;;;;
2026/01/21;2100 UTC;;;;;;;;;;;;;;;;;;
2026/01/21;2200 UTC;;;;;;;;;;;;;;;;;;
2026/01/21;2300 UTC;;;;;;;;;;;;;;;;;;
2026/01/22;0000 UTC;;;;;;;;;;;;;;;;;;
2026/01/22;0100 UTC;;;;;;;;;;;;;;;;;;
2026/01/22;0200 UTC;;;;;;;;;;;;;;;;;;
2026/01/22;0300 UTC;;;;;;;;;;;;;;;;;;
2026/01/22;0400 UTC;;;;;;;;;;;;;;;;;;
2026/01/22;0500 UTC;;;;;;;;;;;;;;;;;;
2026/01/22;0600 UTC;;;;;;;;;;;;;;;;;;
2026/01/22;0700 UTC;;;;;;;;;;;;;;;;;;
2026/01/22;0800 UTC;;;;;;;;;;;;;;;;;;
2026/01/22;0900 UTC;;;;;;;;;;;;;;;;;;
2026/01/22;1000 UTC;;;;;;;;;;;;;;;;;;
2026/01/22;1100 UTC;;;;;;;;;;;;;;;;;;
2026/01/22;1200 UTC;;;;;;;;;;;;;;;;;;
2026/01/22;1300 UTC;;;;;;;;;;;;;;;;;;
2026/01/22;1400 UTC;;;;;;;;;;;;;;;;;;
2026/01/22;1500 UTC;;;;;;;;;;;;;;;;;;
2026/01/22;1600 UTC;;;;;;;;;;;;;;;;;;
2026/01/22;1700 UTC;;;;;;;;;;;;;;;;;;
2026/01/22;1800 UTC;;;;;;;;;;;;;;;;;;
2026/01/22;1900 UTC;;;;;;;;;;;;;;;;;;
2026/01/22;2000 UTC;;;;;;;;;;;;;;;;;;
2026/01/22;2100 UTC;;;;;;;;;;;;;;;;;;
2026/01/22;2200 UTC;;;;;;;;;;;;;;;;;;
2026/01/22;2300 UTC;;;;;;;;;;;;;;;;;;
2026/01/23;0000 UTC;;;;;;;;;;;;;;;;;;
2026/01/23;0100 UTC;;;;;;;;;;;;;;;;;;
2026/01/23;0200 UTC;;;;;;;;;;;;;;;;;;
2026/01/23;0300 UTC;;;;;;;;;;;;;;;;;;
2026/01/23;0400 UTC;;;;;;;;;;;;;;;;;;
2026/01/23;0500 UTC;;;;;;;;;;;;;;;;;;
2026/01/23;0600 UTC;;;;;;;;;;;;;;;;;;
2026/01/23;0700 UTC;;;;;;;;;;;;;;;;;;
2026/01/23;0800 UTC;;;;;;;;;;;;;;;;;;
2026/01/23;0900 UTC;;;;;;;;;;;;;;;;;;
2026/01/23;1000 UTC;;;;;;;;;;;;;;;;;;
2026/01/23;1100 UTC;;;;;;;;;;;;;;;;;;
2026/01/23;1200 UTC;;;;;;;;;;;;;;;;;;
2026/01/23;1300 UTC;;;;;;;;;;;;;;;;;;
2026/01/23;1400 UTC;;;;;;;;;;;;;;;;;;
2026/01/23;1500 UTC;;;;;;;;;;;;;;;;;;
2026/01/23;1600 UTC;;;;;;;;;;;;;;;;;;
2026/01/23;1700 UTC;;;;;;;;;;;;;;;;;;
2026/01/23;1800 UTC;;;;;;;;;;;;;;;;;;
2026/01/23;1900 UTC;;;;;;;;;;;;;;;;;;
2026/01/23;2000 UTC;;;;;;;;;;;;;;;;;;
2026/01/23;2100 UTC;;;;;;;;;;;;;;;;;;
2026/01/23;2200 UTC;;;;;;;;;;;;;;;;;;
2026/01/23;2300 UTC;;;;;;;;;;;;;;;;;;
2026/01/24;0000 UTC;;;;;;;;;;;;;;;;;;
2026/01/24;0100 UTC;;;;;;;;;;;;;;;;;;
2026/01/24;0200 UTC;;;;;;;;;;;;;;;;;;
2026/01/24;0300 UTC;;;;;;;;;;;;;;;;;;
2026/01/24;0400 UTC;;;;;;;;;;;;;;;;;;
2026/01/24;0500 UTC;;;;;;;;;;;;;;;;;;
2026/01/24;0600 UTC;;;;;;;;;;;;;;;;;;
2026/01/24;0700 UTC;;;;;;;;;;;;;;;;;;
2026/01/24;0800 UTC;;;;;;;;;;;;;;;;;;
2026/01/24;0900 UTC;;;;;;;;;;;;;;;;;;
2026/01/24;1000 UTC;;;;;;;;;;;;;;;;;;
2026/01/24;1100 UTC;,2;1011,4;;;1216,4;24,6;21,6;;;;;;;83;218;;,7;
2026/01/24;1200 UTC;;;;;;;;;;;;;;;;;;
2026/01/24;1300 UTC;;;;;;;;;;;;;;;;;;
2026/01/24;1400 UTC;0;1012,1;1012,2;1012;2462;26,4;22,1;27,6;24,5;25,8;22,1;95;76;77;107;3,1;1,8;
2026/01/24;1500 UTC;0;1012,1;1012,2;1012;3929,3;26,8;22,2;28,1;25,8;24,3;21,6;85;73;76;143;3,8;2;
2026/01/24;1600 UTC;0;1011,6;1012,1;1011,6;3423,8;25,4;21,6;27,9;25,4;23;21,2;81;70;79;131;4,2;2,8;
2026/01/24;1700 UTC;0;1011;1011,3;1011;1648,3;25,9;22,4;26,5;25,7;23,1;21,8;84;78;81;97;3,6;1,5;
2026/01/24;1800 UTC;0;1010,7;1011,1;1010,7;1103,7;25,7;23;26,3;25,4;23,1;21,7;86;78;85;107;3,5;2,5;
2026/01/24;1900 UTC;;;;;;;;;;;;;;;;;;
2026/01/24;2000 UTC;;;;;;;;;;;;;;;;;;
2026/01/24;2100 UTC;;;;;;;;;;;;;;;;;;
2026/01/24;2200 UTC;;;;;;;;;;;;;;;;;;
2026/01/24;2300 UTC;;;;;;;;;;;;;;;;;;
2026/01/25;0000 UTC;;;;;;;;;;;;;;;;;;
2026/01/25;0100 UTC;;;;;;;;;;;;;;;;;;
2026/01/25;0200 UTC;;;;;;;;;;;;;;;;;;
2026/01/25;0300 UTC;;;;;;;;;;;;;;;;;;
2026/01/25;0400 UTC;;;;;;;;;;;;;;;;;;
2026/01/25;0500 UTC;;;;;;;;;;;;;;;;;;
2026/01/25;0600 UTC;;;;;;;;;;;;;;;;;;
2026/01/25;0700 UTC;;;;;;;;;;;;;;;;;;
2026/01/25;0800 UTC;;;;;;;;;;;;;;;;;;
2026/01/25;0900 UTC;;;;;;;;;;;;;;;;;;
2026/01/25;1000 UTC;;;;;;;;;;;;;;;;;;
2026/01/25;1100 UTC;0;1013,1;;;2196,6;25,4;20,8;;;;;;;76;216;;,8;
2026/01/25;1200 UTC;0;1013,3;1013,3;1013,1;2522,3;27,1;21,8;27,5;25,3;23,1;20,5;80;72;73;114;2,4;1,7;
2026/01/25;1300 UTC;0;1013,3;1013,5;1013,3;2881,4;27,8;21,9;28,8;25,3;23,8;21,1;79;68;70;134;3,1;2,4;
2026/01/25;1400 UTC;0;1013,2;1013,5;1013,2;3702,8;27,8;21,4;28,6;27,1;23,3;21;75;67;68;140;3,1;1,8;
2026/01/25;1500 UTC;0;1012,8;1013,2;1012,8;3256,9;28,1;21,8;28,4;27,1;22,4;20,8;74;65;69;148;3,2;2;
2026/01/25;1600 UTC;0;1012,6;1012,9;1012,6;2761,3;26,5;21,8;28,7;26,5;22,8;21,4;76;67;75;147;4,4;3;
2026/01/25;1700 UTC;0;1012,1;1012,6;1012;1542;27;22,4;27,7;26,6;22,9;21,9;77;72;76;;;;
2026/01/25;1800 UTC;;;;;;;;;;;;;;;;;;
2026/01/25;1900 UTC;;;;;;;;;;;;;;;;;;
2026/01/25;2000 UTC;;;;;;;;;;;;;;;;;;
2026/01/25;2100 UTC;;;;;;;;;;;;;;;;;;
2026/01/25;2200 UTC;;;;;;;;;;;;;;;;;;
2026/01/25;2300 UTC;;;;;;;;;;;;;;;;;;
2026/01/26;0000 UTC;;;;;;;;;;;;;;;;;;
2026/01/26;0100 UTC;;;;;;;;;;;;;;;;;;
2026/01/26;0200 UTC;;;;;;;;;;;;;;;;;;
2026/01/26;0300 UTC;;;;;;;;;;;;;;;;;;
2026/01/26;0400 UTC;;;;;;;;;;;;;;;;;;
2026/01/26;0500 UTC;;;;;;;;;;;;;;;;;;
2026/01/26;0600 UTC;;;;;;;;;;;;;;;;;;
2026/01/26;0700 UTC;;;;;;;;;;;;;;;;;;
2026/01/26;0800 UTC;;;;;;;;;;;;;;;;;;
2026/01/26;0900 UTC;;;;;;;;;;;;;;;;;;
2026/01/26;1000 UTC;;;;;;;;;;;;;;;;;;
2026/01/26;1100 UTC;;;;;;;;;;;;;;;;;;
2026/01/26;1200 UTC;;;;;;;;;;;;;;;;;;
2026/01/26;1300 UTC;0;1013,9;;;2872,7;28,5;23,7;;;;;;;75;105;;1,6;
2026/01/26;1400 UTC;0;1013,6;;;3484,2;28,9;23;;;;;;;70;108;;2,6;
2026/01/26;1500 UTC;0;1013,3;1013,6;1013,3;3438,5;28,8;23,6;30,2;28,6;24,5;22,4;75;67;73;127;3,8;2,7;
2026/01/26;1600 UTC;0;1012,8;1013,3;1012,8;3744;29,4;23,4;29,4;28,4;23,9;22,5;75;69;70;147;3,7;2,8;
2026/01/26;1700 UTC;0;1012,6;1012,8;1012,6;3416,1;27,7;22,5;29,5;27,7;24;22;74;68;74;143;3,7;1,7;
2026/01/26;1800 UTC;;;;;;;;;;;;;;;;;;
2026/01/26;1900 UTC;;;;;;;;;;;;;;;;;;
2026/01/26;2000 UTC;;;;;;;;;;;;;;;;;;
2026/01/26;2100 UTC;;;;;;;;;;;;;;;;;;
2026/01/26;2200 UTC;;;;;;;;;;;;;;;;;;
2026/01/26;2300 UTC;;;;;;;;;;;;;;;;;;
2026/01/27;0000 UTC;;;;;;;;;;;;;;;;;;
2026/01/27;0100 UTC;;;;;;;;;;;;;;;;;;
2026/01/27;0200 UTC;;;;;;;;;;;;;;;;;;
2026/01/27;0300 UTC;;;;;;;;;;;;;;;;;;
2026/01/27;0400 UTC;;;;;;;;;;;;;;;;;;
2026/01/27;0500 UTC;;;;;;;;;;;;;;;;;;
2026/01/27;0600 UTC;;;;;;;;;;;;;;;;;;
2026/01/27;0700 UTC;;;;;;;;;;;;;;;;;;
2026/01/27;0800 UTC;;;;;;;;;;;;;;;;;;
2026/01/27;0900 UTC;;;;;;;;;;;;;;;;;;
2026/01/27;1000 UTC;;;;;;;;;;;;;;;;;;
2026/01/27;1100 UTC;;;;;;;;;;;;;;;;;;
2026/01/27;1200 UTC;0;1013;;;2239,1;27,6;22,1;;;;;;;72;88;;2,9;
2026/01/27;1300 UTC;0;1012,9;1013,1;1012,9;3045,9;29,6;24,2;29,6;27,5;24,2;21,9;75;69;73;110;4;2,9;
2026/01/27;1400 UTC;0;1012,6;1012,9;1012,6;3623,9;30,2;22,3;31,2;29,7;24,2;21,5;73;59;62;126;4,3;2,9;
2026/01/27;1500 UTC;0;1012,3;1012,6;1012,3;3880;30,4;22,2;31;29,5;24;21,4;69;60;62;122;3,9;2,9;
2026/01/27;1600 UTC;0;1012;1012,3;1012;3896;29,8;21,8;31,1;29,4;23,2;21;66;59;62;128;3,6;2;
2026/01/27;1700 UTC;0;1011,4;1012;1011,4;3609,8;30,1;22,4;31,5;29,8;23,7;21,3;66;57;63;129;3,6;2,2;
2026/01/27;1800 UTC;0;1010,8;1011,4;1010,8;2736,2;30,7;24,2;31,6;29,5;24,5;22,1;71;60;68;112;4,9;3,8;
2026/01/27;1900 UTC;0;1010,9;1011,1;1010,5;1107,3;27,9;23,6;30,7;27,8;24,5;23,2;78;68;78;98;6,7;3,5;
2026/01/27;2000 UTC;0;1010,8;;;359,4;27,5;23,3;;;;;;;78;100;;3,3;
2026/01/27;2100 UTC;0;1010,8;1010,8;1010,5;394,7;28,3;21,1;28,4;27,3;23,6;21,1;80;65;65;337;9,3;1,4;
2026/01/27;2200 UTC;;;;;;;;;;;;;;;;;;
2026/01/27;2300 UTC;;;;;;;;;;;;;;;;;;
2026/01/28;0000 UTC;;;;;;;;;;;;;;;;;;
2026/01/28;0100 UTC;;;;;;;;;;;;;;;;;;
2026/01/28;0200 UTC;;;;;;;;;;;;;;;;;;
2026/01/28;0300 UTC;;;;;;;;;;;;;;;;;;
2026/01/28;0400 UTC;;;;;;;;;;;;;;;;;;
2026/01/28;0500 UTC;;;;;;;;;;;;;;;;;;
2026/01/28;0600 UTC;;;;;;;;;;;;;;;;;;
2026/01/28;0700 UTC;;;;;;;;;;;;;;;;;;
2026/01/28;0800 UTC;;;;;;;;;;;;;;;;;;
2026/01/28;0900 UTC;;;;;;;;;;;;;;;;;;
2026/01/28;1000 UTC;0;1011,8;;;208,4;26,9;21,1;;;;;;;71;294;;1;
2026/01/28;1100 UTC;0;1012;1012;1011,8;1398;27,2;20,8;28,6;26,6;22,2;20,5;73;64;68;97;3,2;2;
2026/01/28;1200 UTC;0;1012;1012,1;1012;2439,2;28,4;20,9;28,8;27,2;22,3;20,4;69;62;64;89;4,8;2,3;
2026/01/28;1300 UTC;0;1012;1012,1;1012;3146,6;28,4;21,4;28,8;28;22,6;20,5;70;61;66;92;5,2;3,8;
2026/01/28;1400 UTC;0;1011,8;1012;1011,8;3648,4;29,5;22,8;29,8;28,2;23,2;21,1;70;64;67;96;5,5;2,8;
2026/01/28;1500 UTC;0;1011,2;1011,8;1011,2;3918,3;31,1;23,7;31,3;29,4;23,8;22,1;67;63;65;109;6;4,1;
2026/01/28;1600 UTC;0;1010,6;1011,2;1010,6;3933,6;29,4;22,7;31,4;29,2;23,8;22,1;70;62;67;95;6,7;4,6;
2026/01/28;1700 UTC;0;1009,7;1010,6;1009,7;3671;29,7;24,1;30,2;29,2;24,1;22,9;72;67;72;104;7,3;5,4;
2026/01/28;1800 UTC;0;1009,2;1009,7;1009,1;3168,3;29,3;23,9;29,7;29,2;24;23,2;73;70;73;105;7,8;5,7;
2026/01/28;1900 UTC;0;1008,9;1009,2;1008,9;2101,7;28;23,7;29,3;28;24,1;23,6;78;72;78;98;7,7;4,1;
2026/01/28;2000 UTC;0;1008,7;1008,9;1008,6;990,6;28,3;23,4;28,6;28;23,9;23,3;78;74;75;86;6,5;3,8;
2026/01/28;2100 UTC;;;;;;;;;;;;;;;;;;
2026/01/28;2200 UTC;;;;;;;;;;;;;;;;;;
2026/01/28;2300 UTC;;;;;;;;;;;;;;;;;;
2026/01/29;0000 UTC;;;;;;;;;;;;;;;;;;
2026/01/29;0100 UTC;;;;;;;;;;;;;;;;;;
2026/01/29;0200 UTC;;;;;;;;;;;;;;;;;;
2026/01/29;0300 UTC;;;;;;;;;;;;;;;;;;
2026/01/29;0400 UTC;;;;;;;;;;;;;;;;;;
2026/01/29;0500 UTC;;;;;;;;;;;;;;;;;;
2026/01/29;0600 UTC;;;;;;;;;;;;;;;;;;
2026/01/29;0700 UTC;;;;;;;;;;;;;;;;;;
2026/01/29;0800 UTC;;;;;;;;;;;;;;;;;;
2026/01/29;0900 UTC;;;;;;;;;;;;;;;;;;
2026/01/29;1000 UTC;;;;;;;;;;;;;;;;;;
2026/01/29;1100 UTC;;;;;;;;;;;;;;;;;;
2026/01/29;1200 UTC;0;1009,9;1009,9;1009,6;3843,5;29;23,3;29,7;28,7;24;21,9;73;64;71;96;4,8;2,8;
2026/01/29;1300 UTC;0;1009,7;1010;1009,7;3038,7;31,9;25,3;31,9;28,6;25,4;22,8;75;67;68;111;3,6;2,6;
2026/01/29;1400 UTC;0;1009,3;1009,7;1009,3;3610,3;31,2;25;32,5;30,9;25,7;22,6;70;60;69;108;6;3;
2026/01/29;1500 UTC;0;1008,9;1009,4;1008,9;3817,9;29,7;24,4;31,6;29,2;25,4;24;76;68;73;92;6,2;3,7;
2026/01/29;1600 UTC;0;1008,8;1009,1;1008,7;3854,2;30;23,8;32,1;29,4;25,8;23,1;75;65;69;123;5,6;2,1;
2026/01/29;1700 UTC;0;1007,9;1008,8;1007,9;3608,8;30,4;24,4;31,3;29,6;24,9;23,2;71;65;70;120;2,9;1,6;
2026/01/29;1800 UTC;0;1007,4;1007,9;1007,4;3151,6;30,4;23,3;31,4;30,1;25;23,1;70;64;66;195;2,6;1,4;
2026/01/29;1900 UTC;0;1006,9;1007,4;1006,5;2280;29,3;21,5;30,7;29,3;24,3;20,6;69;59;63;238;4;,7;
2026/01/29;2000 UTC;;;;;;;;;;;;;;;;;;
2026/01/29;2100 UTC;;;;;;;;;;;;;;;;;;
2026/01/29;2200 UTC;;;;;;;;;;;;;;;;;;
2026/01/29;2300 UTC;;;;;;;;;;;;;;;;;;
2026/01/30;0000 UTC;;;;;;;;;;;;;;;;;;
2026/01/30;0100 UTC;;;;;;;;;;;;;;;;;;
2026/01/30;0200 UTC;;;;;;;;;;;;;;;;;;
2026/01/30;0300 UTC;;;;;;;;;;;;;;;;;;
2026/01/30;0400 UTC;;;;;;;;;;;;;;;;;;
2026/01/30;0500 UTC;;;;;;;;;;;;;;;;;;
2026/01/30;0600 UTC;;;;;;;;;;;;;;;;;;
2026/01/30;0700 UTC;;;;;;;;;;;;;;;;;;
2026/01/30;0800 UTC;;;;;;;;;;;;;;;;;;
2026/01/30;0900 UTC;;;;;;;;;;;;;;;;;;
2026/01/30;1000 UTC;;;;;;;;;;;;;;;;;;
2026/01/30;1100 UTC;;;;;;;;;;;;;;;;;;
2026/01/30;1200 UTC;;;;;;;;;;;;;;;;;;
2026/01/30;1300 UTC;;;;;;;;;;;;;;;;;;
2026/01/30;1400 UTC;;;;;;;;;;;;;;;;;;
2026/01/30;1500 UTC;;;;;;;;;;;;;;;;;;
2026/01/30;1600 UTC;;;;;;;;;;;;;;;;;;
2026/01/30;1700 UTC;;;;;;;;;;;;;;;;;;
2026/01/30;1800 UTC;;;;;;;;;;;;;;;;;;
2026/01/30;1900 UTC;;;;;;;;;;;;;;;;;;
2026/01/30;2000 UTC;;;;;;;;;;;;;;;;;;
2026/01/30;2100 UTC;;;;;;;;;;;;;;;;;;
2026/01/30;2200 UTC;;;;;;;;;;;;;;;;;;
2026/01/30;2300 UTC;;;;;;;;;;;;;;;;;;
2026/01/31;0000 UTC;;;;;;;;;;;;;;;;;;
2026/01/31;0100 UTC;;;;;;;;;;;;;;;;;;
2026/01/31;0200 UTC;;;;;;;;;;;;;;;;;;
2026/01/31;0300 UTC;;;;;;;;;;;;;;;;;;
2026/01/31;0400 UTC;;;;;;;;;;;;;;;;;;
2026/01/31;0500 UTC;;;;;;;;;;;;;;;;;;
2026/01/31;0600 UTC;;;;;;;;;;;;;;;;;;
2026/01/31;0700 UTC;;;;;;;;;;;;;;;;;;
2026/01/31;0800 UTC;;;;;;;;;;;;;;;;;;
2026/01/31;0900 UTC;;;;;;;;;;;;;;;;;;
2026/01/31;1000 UTC;;;;;;;;;;;;;;;;;;
2026/01/31;1100 UTC;;;;;;;;;;;;;;;;;;
2026/01/31;1200 UTC;;;;;;;;;;;;;;;;;;
2026/01/31;1300 UTC;;;;;;;;;;;;;;;;;;
2026/01/31;1400 UTC;;;;;;;;;;;;;;;;;;
2026/01/31;1500 UTC;;;;;;;;;;;;;;;;;;
2026/01/31;1600 UTC;;;;;;;;;;;;;;;;;;
2026/01/31;1700 UTC;;;;;;;;;;;;;;;;;;
2026/01/31;1800 UTC;;;;;;;;;;;;;;;;;;
2026/01/31;1900 UTC;;;;;;;;;;;;;;;;;;
2026/01/31;2000 UTC;;;;;;;;;;;;;;;;;;
2026/01/31;2100 UTC;;;;;;;;;;;;;;;;;;
2026/01/31;2200 UTC;;;;;;;;;;;;;;;;;;
2026/01/31;2300 UTC;;;;;;;;;;;;;;;;;;
2026/02/01;0000 UTC;;;;;;;;;;;;;;;;;;
2026/02/01;0100 UTC;;;;;;;;;;;;;;;;;;
2026/02/01;0200 UTC;;;;;;;;;;;;;;;;;;
2026/02/01;0300 UTC;;;;;;;;;;;;;;;;;;
2026/02/01;0400 UTC;;;;;;;;;;;;;;;;;;
2026/02/01;0500 UTC;;;;;;;;;;;;;;;;;;
2026/02/01;0600 UTC;;;;;;;;;;;;;;;;;;
2026/02/01;0700 UTC;;;;;;;;;;;;;;;;;;
2026/02/01;0800 UTC;;;;;;;;;;;;;;;;;;
2026/02/01;0900 UTC;;;;;;;;;;;;;;;;;;
2026/02/01;1000 UTC;;;;;;;;;;;;;;;;;;
2026/02/01;1100 UTC;;;;;;;;;;;;;;;;;;
2026/02/01;1200 UTC;;;;;;;;;;;;;;;;;;
2026/02/01;1300 UTC;;;;;;;;;;;;;;;;;;
2026/02/01;1400 UTC;;;;;;;;;;;;;;;;;;
2026/02/01;1500 UTC;;;;;;;;;;;;;;;;;;
2026/02/01;1600 UTC;;;;;;;;;;;;;;;;;;
2026/02/01;1700 UTC;;;;;;;;;;;;;;;;;;
2026/02/01;1800 UTC;;;;;;;;;;;;;;;;;;
2026/02/01;1900 UTC;;;;;;;;;;;;;;;;;;
2026/02/01;2000 UTC;;;;;;;;;;;;;;;;;;
2026/02/01;2100 UTC;;;;;;;;;;;;;;;;;;
2026/02/01;2200 UTC;;;;;;;;;;;;;;;;;;
2026/02/01;2300 UTC;;;;;;;;;;;;;;;;;;
2026/02/02;0000 UTC;;;;;;;;;;;;;;;;;;
2026/02/02;0100 UTC;;;;;;;;;;;;;;;;;;
2026/02/02;0200 UTC;;;;;;;;;;;;;;;;;;
2026/02/02;0300 UTC;;;;;;;;;;;;;;;;;;
2026/02/02;0400 UTC;;;;;;;;;;;;;;;;;;
2026/02/02;0500 UTC;;;;;;;;;;;;;;;;;;
2026/02/02;0600 UTC;;;;;;;;;;;;;;;;;;
2026/02/02;0700 UTC;;;;;;;;;;;;;;;;;;
2026/02/02;0800 UTC;;;;;;;;;;;;;;;;;;
2026/02/02;0900 UTC;;;;;;;;;;;;;;;;;;
2026/02/02;1000 UTC;;;;;;;;;;;;;;;;;;
2026/02/02;1100 UTC;;;;;;;;;;;;;;;;;;
2026/02/02;1200 UTC;;;;;;;;;;;;;;;;;;
2026/02/02;1300 UTC;;;;;;;;;;;;;;;;;;
2026/02/02;1400 UTC;;;;;;;;;;;;;;;;;;
2026/02/02;1500 UTC;;;;;;;;;;;;;;;;;;
2026/02/02;1600 UTC;;;;;;;;;;;;;;;;;;
2026/02/02;1700 UTC;;;;;;;;;;;;;;;;;;
2026/02/02;1800 UTC;;;;;;;;;;;;;;;;;;
2026/02/02;1900 UTC;;;;;;;;;;;;;;;;;;
2026/02/02;2000 UTC;;;;;;;;;;;;;;;;;;
2026/02/02;2100 UTC;;;;;;;;;;;;;;;;;;
2026/02/02;2200 UTC;;;;;;;;;;;;;;;;;;
2026/02/02;2300 UTC;;;;;;;;;;;;;;;;;;
2026/02/03;0000 UTC;;;;;;;;;;;;;;;;;;
2026/02/03;0100 UTC;;;;;;;;;;;;;;;;;;
2026/02/03;0200 UTC;;;;;;;;;;;;;;;;;;
2026/02/03;0300 UTC;;;;;;;;;;;;;;;;;;
2026/02/03;0400 UTC;;;;;;;;;;;;;;;;;;
2026/02/03;0500 UTC;;;;;;;;;;;;;;;;;;
2026/02/03;0600 UTC;;;;;;;;;;;;;;;;;;
2026/02/03;0700 UTC;;;;;;;;;;;;;;;;;;
2026/02/03;0800 UTC;;;;;;;;;;;;;;;;;;
2026/02/03;0900 UTC;;;;;;;;;;;;;;;;;;
2026/02/03;1000 UTC;;;;;;;;;;;;;;;;;;
2026/02/03;1100 UTC;;;;;;;;;;;;;;;;;;
2026/02/03;1200 UTC;;;;;;;;;;;;;;;;;;
2026/02/03;1300 UTC;;;;;;;;;;;;;;;;;;
2026/02/03;1400 UTC;;;;;;;;;;;;;;;;;;
2026/02/03;1500 UTC;;;;;;;;;;;;;;;;;;
2026/02/03;1600 UTC;;;;;;;;;;;;;;;;;;
2026/02/03;1700 UTC;;;;;;;;;;;;;;;;;;
2026/02/03;1800 UTC;;;;;;;;;;;;;;;;;;
2026/02/03;1900 UTC;;;;;;;;;;;;;;;;;;
2026/02/03;2000 UTC;;;;;;;;;;;;;;;;;;
2026/02/03;2100 UTC;;;;;;;;;;;;;;;;;;
2026/02/03;2200 UTC;;;;;;;;;;;;;;;;;;
2026/02/03;2300 UTC;;;;;;;;;;;;;;;;;;
2026/02/04;0000 UTC;;;;;;;;;;;;;;;;;;
2026/02/04;0100 UTC;;;;;;;;;;;;;;;;;;
2026/02/04;0200 UTC;;;;;;;;;;;;;;;;;;
2026/02/04;0300 UTC;;;;;;;;;;;;;;;;;;
2026/02/04;0400 UTC;;;;;;;;;;;;;;;;;;
2026/02/04;0500 UTC;;;;;;;;;;;;;;;;;;
2026/02/04;0600 UTC;;;;;;;;;;;;;;;;;;
2026/02/04;0700 UTC;;;;;;;;;;;;;;;;;;
2026/02/04;0800 UTC;;;;;;;;;;;;;;;;;;
2026/02/04;0900 UTC;;;;;;;;;;;;;;;;;;
2026/02/04;1000 UTC;;;;;;;;;;;;;;;;;;
2026/02/04;1100 UTC;;;;;;;;;;;;;;;;;;
2026/02/04;1200 UTC;;;;;;;;;;;;;;;;;;
2026/02/04;1300 UTC;;;;;;;;;;;;;;;;;;
2026/02/04;1400 UTC;;;;;;;;;;;;;;;;;;
2026/02/04;1500 UTC;;;;;;;;;;;;;;;;;;
2026/02/04;1600 UTC;;;;;;;;;;;;;;;;;;
2026/02/04;1700 UTC;;;;;;;;;;;;;;;;;;
2026/02/04;1800 UTC;;;;;;;;;;;;;;;;;;
2026/02/04;1900 UTC;;;;;;;;;;;;;;;;;;
2026/02/04;2000 UTC;;;;;;;;;;;;;;;;;;
2026/02/04;2100 UTC;;;;;;;;;;;;;;;;;;
2026/02/04;2200 UTC;;;;;;;;;;;;;;;;;;
2026/02/04;2300 UTC;;;;;;;;;;;;;;;;;;
2026/02/05;0000 UTC;;;;;;;;;;;;;;;;;;
2026/02/05;0100 UTC;;;;;;;;;;;;;;;;;;
2026/02/05;0200 UTC;;;;;;;;;;;;;;;;;;
2026/02/05;0300 UTC;;;;;;;;;;;;;;;;;;
2026/02/05;0400 UTC;;;;;;;;;;;;;;;;;;
2026/02/05;0500 UTC;;;;;;;;;;;;;;;;;;
2026/02/05;0600 UTC;;;;;;;;;;;;;;;;;;
2026/02/05;0700 UTC;;;;;;;;;;;;;;;;;;
2026/02/05;0800 UTC;;;;;;;;;;;;;;;;;;
2026/02/05;0900 UTC;;;;;;;;;;;;;;;;;;
2026/02/05;1000 UTC;;;;;;;;;;;;;;;;;;
2026/02/05;1100 UTC;;;;;;;;;;;;;;;;;;
2026/02/05;1200 UTC;;;;;;;;;;;;;;;;;;
2026/02/05;1300 UTC;;;;;;;;;;;;;;;;;;
2026/02/05;1400 UTC;;;;;;;;;;;;;;;;;;
2026/02/05;1500 UTC;;;;;;;;;;;;;;;;;;
2026/02/05;1600 UTC;;;;;;;;;;;;;;;;;;
2026/02/05;1700 UTC;;;;;;;;;;;;;;;;;;
2026/02/05;1800 UTC;;;;;;;;;;;;;;;;;;
2026/02/05;1900 UTC;;;;;;;;;;;;;;;;;;
2026/02/05;2000 UTC;;;;;;;;;;;;;;;;;;
2026/02/05;2100 UTC;;;;;;;;;;;;;;;;;;
2026/02/05;2200 UTC;;;;;;;;;;;;;;;;;;
2026/02/05;2300 UTC;;;;;;;;;;;;;;;;;;
2026/02/06;0000 UTC;;;;;;;;;;;;;;;;;;
2026/02/06;0100 UTC;;;;;;;;;;;;;;;;;;
2026/02/06;0200 UTC;;;;;;;;;;;;;;;;;;
2026/02/06;0300 UTC;;;;;;;;;;;;;;;;;;
2026/02/06;0400 UTC;;;;;;;;;;;;;;;;;;
2026/02/06;0500 UTC;;;;;;;;;;;;;;;;;;
2026/02/06;0600 UTC;;;;;;;;;;;;;;;;;;
2026/02/06;0700 UTC;;;;;;;;;;;;;;;;;;
2026/02/06;0800 UTC;;;;;;;;;;;;;;;;;;
2026/02/06;0900 UTC;;;;;;;;;;;;;;;;;;
2026/02/06;1000 UTC;;;;;;;;;;;;;;;;;;
2026/02/06;1100 UTC;;;;;;;;;;;;;;;;;;
2026/02/06;1200 UTC;;;;;;;;;;;;;;;;;;
2026/02/06;1300 UTC;;;;;;;;;;;;;;;;;;
2026/02/06;1400 UTC;;;;;;;;;;;;;;;;;;
2026/02/06;1500 UTC;;;;;;;;;;;;;;;;;;
2026/02/06;1600 UTC;;;;;;;;;;;;;;;;;;
2026/02/06;1700 UTC;;;;;;;;;;;;;;;;;;
2026/02/06;1800 UTC;;;;;;;;;;;;;;;;;;
2026/02/06;1900 UTC;;;;;;;;;;;;;;;;;;
2026/02/06;2000 UTC;;;;;;;;;;;;;;;;;;
2026/02/06;2100 UTC;;;;;;;;;;;;;;;;;;
2026/02/06;2200 UTC;;;;;;;;;;;;;;;;;;
2026/02/06;2300 UTC;;;;;;;;;;;;;;;;;;
2026/02/07;0000 UTC;;;;;;;;;;;;;;;;;;
2026/02/07;0100 UTC;;;;;;;;;;;;;;;;;;
2026/02/07;0200 UTC;;;;;;;;;;;;;;;;;;
2026/02/07;0300 UTC;;;;;;;;;;;;;;;;;;
2026/02/07;0400 UTC;;;;;;;;;;;;;;;;;;
2026/02/07;0500 UTC;;;;;;;;;;;;;;;;;;
2026/02/07;0600 UTC;;;;;;;;;;;;;;;;;;
2026/02/07;0700 UTC;;;;;;;;;;;;;;;;;;
2026/02/07;0800 UTC;;;;;;;;;;;;;;;;;;
2026/02/07;0900 UTC;;;;;;;;;;;;;;;;;;
2026/02/07;1000 UTC;;;;;;;;;;;;;;;;;;
2026/02/07;1100 UTC;;;;;;;;;;;;;;;;;;
2026/02/07;1200 UTC;;;;;;;;;;;;;;;;;;
2026/02/07;1300 UTC;;;;;;;;;;;;;;;;;;
2026/02/07;1400 UTC;;;;;;;;;;;;;;;;;;
2026/02/07;1500 UTC;;;;;;;;;;;;;;;;;;
2026/02/07;1600 UTC;;;;;;;;;;;;;;;;;;
2026/02/07;1700 UTC;;;;;;;;;;;;;;;;;;
2026/02/07;1800 UTC;;;;;;;;;;;;;;;;;;
2026/02/07;1900 UTC;;;;;;;;;;;;;;;;;;
2026/02/07;2000 UTC;;;;;;;;;;;;;;;;;;
2026/02/07;2100 UTC;;;;;;;;;;;;;;;;;;
2026/02/07;2200 UTC;;;;;;;;;;;;;;;;;;
2026/02/07;2300 UTC;;;;;;;;;;;;;;;;;;
2026/02/08;0000 UTC;;;;;;;;;;;;;;;;;;
2026/02/08;0100 UTC;;;;;;;;;;;;;;;;;;
2026/02/08;0200 UTC;;;;;;;;;;;;;;;;;;
2026/02/08;0300 UTC;;;;;;;;;;;;;;;;;;
2026/02/08;0400 UTC;;;;;;;;;;;;;;;;;;
2026/02/08;0500 UTC;;;;;;;;;;;;;;;;;;
2026/02/08;0600 UTC;;;;;;;;;;;;;;;;;;
2026/02/08;0700 UTC;;;;;;;;;;;;;;;;;;
2026/02/08;0800 UTC;;;;;;;;;;;;;;;;;;
2026/02/08;0900 UTC;;;;;;;;;;;;;;;;;;
2026/02/08;1000 UTC;;;;;;;;;;;;;;;;;;
2026/02/08;1100 UTC;;;;;;;;;;;;;;;;;;
2026/02/08;1200 UTC;;;;;;;;;;;;;;;;;;
2026/02/08;1300 UTC;;;;;;;;;;;;;;;;;;
2026/02/08;1400 UTC;;;;;;;;;;;;;;;;;;
2026/02/08;1500 UTC;;;;;;;;;;;;;;;;;;
2026/02/08;1600 UTC;;;;;;;;;;;;;;;;;;
2026/02/08;1700 UTC;;;;;;;;;;;;;;;;;;
2026/02/08;1800 UTC;;;;;;;;;;;;;;;;;;
2026/02/08;1900 UTC;;;;;;;;;;;;;;;;;;
2026/02/08;2000 UTC;;;;;;;;;;;;;;;;;;
2026/02/08;2100 UTC;;;;;;;;;;;;;;;;;;
2026/02/08;2200 UTC;;;;;;;;;;;;;;;;;;
2026/02/08;2300 UTC;;;;;;;;;;;;;;;;;;
2026/02/09;0000 UTC;;;;;;;;;;;;;;;;;;
2026/02/09;0100 UTC;;;;;;;;;;;;;;;;;;
2026/02/09;0200 UTC;;;;;;;;;;;;;;;;;;
2026/02/09;0300 UTC;;;;;;;;;;;;;;;;;;
2026/02/09;0400 UTC;;;;;;;;;;;;;;;;;;
2026/02/09;0500 UTC;;;;;;;;;;;;;;;;;;
2026/02/09;0600 UTC;;;;;;;;;;;;;;;;;;
2026/02/09;0700 UTC;;;;;;;;;;;;;;;;;;
2026/02/09;0800 UTC;;;;;;;;;;;;;;;;;;
2026/02/09;0900 UTC;;;;;;;;;;;;;;;;;;
2026/02/09;1000 UTC;;;;;;;;;;;;;;;;;;
2026/02/09;1100 UTC;;;;;;;;;;;;;;;;;;
2026/02/09;1200 UTC;;;;;;;;;;;;;;;;;;
2026/02/09;1300 UTC;;;;;;;;;;;;;;;;;;
2026/02/09;1400 UTC;;;;;;;;;;;;;;;;;;
2026/02/09;1500 UTC;;;;;;;;;;;;;;;;;;
2026/02/09;1600 UTC;;;;;;;;;;;;;;;;;;
2026/02/09;1700 UTC;;;;;;;;;;;;;;;;;;
2026/02/09;1800 UTC;;;;;;;;;;;;;;;;;;
2026/02/09;1900 UTC;;;;;;;;;;;;;;;;;;
2026/02/09;2000 UTC;;;;;;;;;;;;;;;;;;
2026/02/09;2100 UTC;;;;;;;;;;;;;;;;;;
2026/02/09;2200 UTC;;;;;;;;;;;;;;;;;;
2026/02/09;2300 UTC;;;;;;;;;;;;;;;;;;
2026/02/10;0000 UTC;;;;;;;;;;;;;;;;;;
2026/02/10;0100 UTC;;;;;;;;;;;;;;;;;;
2026/02/10;0200 UTC;;;;;;;;;;;;;;;;;;
2026/02/10;0300 UTC;;;;;;;;;;;;;;;;;;
2026/02/10;0400 UTC;;;;;;;;;;;;;;;;;;
2026/02/10;0500 UTC;;;;;;;;;;;;;;;;;;
2026/02/10;0600 UTC;;;;;;;;;;;;;;;;;;
2026/02/10;0700 UTC;;;;;;;;;;;;;;;;;;
2026/02/10;0800 UTC;;;;;;;;;;;;;;;;;;
2026/02/10;0900 UTC;;;;;;;;;;;;;;;;;;
2026/02/10;1000 UTC;;;;;;;;;;;;;;;;;;
2026/02/10;1100 UTC;;;;;;;;;;;;;;;;;;
2026/02/10;1200 UTC;;;;;;;;;;;;;;;;;;
2026/02/10;1300 UTC;;;;;;;;;;;;;;;;;;
2026/02/10;1400 UTC;;;;;;;;;;;;;;;;;;
2026/02/10;1500 UTC;;;;;;;;;;;;;;;;;;
2026/02/10;1600 UTC;;;;;;;;;;;;;;;;;;
2026/02/10;1700 UTC;;;;;;;;;;;;;;;;;;
2026/02/10;1800 UTC;;;;;;;;;;;;;;;;;;
2026/02/10;1900 UTC;;;;;;;;;;;;;;;;;;
2026/02/10;2000 UTC;;;;;;;;;;;;;;;;;;
2026/02/10;2100 UTC;;;;;;;;;;;;;;;;;;
2026/02/10;2200 UTC;;;;;;;;;;;;;;;;;;
2026/02/10;2300 UTC;;;;;;;;;;;;;;;;;;
2026/02/11;0000 UTC;;;;;;;;;;;;;;;;;;
2026/02/11;0100 UTC;;;;;;;;;;;;;;;;;;
2026/02/11;0200 UTC;;;;;;;;;;;;;;;;;;
2026/02/11;0300 UTC;;;;;;;;;;;;;;;;;;
2026/02/11;0400 UTC;;;;;;;;;;;;;;;;;;
2026/02/11;0500 UTC;;;;;;;;;;;;;;;;;;
2026/02/11;0600 UTC;;;;;;;;;;;;;;;;;;
2026/02/11;0700 UTC;;;;;;;;;;;;;;;;;;
2026/02/11;0800 UTC;;;;;;;;;;;;;;;;;;
2026/02/11;0900 UTC;;;;;;;;;;;;;;;;;;
2026/02/11;1000 UTC;;;;;;;;;;;;;;;;;;
2026/02/11;1100 UTC;;;;;;;;;;;;;;;;;;
2026/02/11;1200 UTC;;;;;;;;;;;;;;;;;;
2026/02/11;1300 UTC;;;;;;;;;;;;;;;;;;
2026/02/11;1400 UTC;;;;;;;;;;;;;;;;;;
2026/02/11;1500 UTC;;;;;;;;;;;;;;;;;;
2026/02/11;1600 UTC;;;;;;;;;;;;;;;;;;
2026/02/11;1700 UTC;;;;;;;;;;;;;;;;;;
2026/02/11;1800 UTC;;;;;;;;;;;;;;;;;;
2026/02/11;1900 UTC;;;;;;;;;;;;;;;;;;
2026/02/11;2000 UTC;;;;;;;;;;;;;;;;;;
2026/02/11;2100 UTC;;;;;;;;;;;;;;;;;;
2026/02/11;2200 UTC;;;;;;;;;;;;;;;;;;
2026/02/11;2300 UTC;;;;;;;;;;;;;;;;;;
2026/02/12;0000 UTC;;;;;;;;;;;;;;;;;;
2026/02/12;0100 UTC;;;;;;;;;;;;;;;;;;
2026/02/12;0200 UTC;;;;;;;;;;;;;;;;;;
2026/02/12;0300 UTC;;;;;;;;;;;;;;;;;;
2026/02/12;0400 UTC;;;;;;;;;;;;;;;;;;
2026/02/12;0500 UTC;;;;;;;;;;;;;;;;;;
2026/02/12;0600 UTC;;;;;;;;;;;;;;;;;;
2026/02/12;0700 UTC;;;;;;;;;;;;;;;;;;
2026/02/12;0800 UTC;;;;;;;;;;;;;;;;;;
2026/02/12;0900 UTC;;;;;;;;;;;;;;;;;;
2026/02/12;1000 UTC;;;;;;;;;;;;;;;;;;
2026/02/12;1100 UTC;;;;;;;;;;;;;;;;;;
2026/02/12;1200 UTC;;;;;;;;;;;;;;;;;;
2026/02/12;1300 UTC;;;;;;;;;;;;;;;;;;
2026/02/12;1400 UTC;;;;;;;;;;;;;;;;;;
2026/02/12;1500 UTC;;;;;;;;;;;;;;;;;;
2026/02/12;1600 UTC;;;;;;;;;;;;;;;;;;
2026/02/12;1700 UTC;;;;;;;;;;;;;;;;;;
2026/02/12;1800 UTC;;;;;;;;;;;;;;;;;;
2026/02/12;1900 UTC;;;;;;;;;;;;;;;;;;
2026/02/12;2000 UTC;;;;;;;;;;;;;;;;;;
2026/02/12;2100 UTC;;;;;;;;;;;;;;;;;;
2026/02/12;2200 UTC;;;;;;;;;;;;;;;;;;
2026/02/12;2300 UTC;;;;;;;;;;;;;;;;;;
2026/02/13;0000 UTC;;;;;;;;;;;;;;;;;;
2026/02/13;0100 UTC;;;;;;;;;;;;;;;;;;
2026/02/13;0200 UTC;;;;;;;;;;;;;;;;;;
2026/02/13;0300 UTC;;;;;;;;;;;;;;;;;;
2026/02/13;0400 UTC;;;;;;;;;;;;;;;;;;
2026/02/13;0500 UTC;;;;;;;;;;;;;;;;;;
2026/02/13;0600 UTC;;;;;;;;;;;;;;;;;;
2026/02/13;0700 UTC;;;;;;;;;;;;;;;;;;
2026/02/13;0800 UTC;;;;;;;;;;;;;;;;;;
2026/02/13;0900 UTC;;;;;;;;;;;;;;;;;;
2026/02/13;1000 UTC;;;;;;;;;;;;;;;;;;
2026/02/13;1100 UTC;;;;;;;;;;;;;;;;;;
2026/02/13;1200 UTC;;;;;;;;;;;;;;;;;;
2026/02/13;1300 UTC;;;;;;;;;;;;;;;;;;
2026/02/13;1400 UTC;;;;;;;;;;;;;;;;;;
2026/02/13;1500 UTC;;;;;;;;;;;;;;;;;;
2026/02/13;1600 UTC;;;;;;;;;;;;;;;;;;
2026/02/13;1700 UTC;;;;;;;;;;;;;;;;;;
2026/02/13;1800 UTC;;;;;;;;;;;;;;;;;;
2026/02/13;1900 UTC;;;;;;;;;;;;;;;;;;
2026/02/13;2000 UTC;;;;;;;;;;;;;;;;;;
2026/02/13;2100 UTC;;;;;;;;;;;;;;;;;;
2026/02/13;2200 UTC;;;;;;;;;;;;;;;;;;
2026/02/13;2300 UTC;;;;;;;;;;;;;;;;;;
2026/02/14;0000 UTC;;;;;;;;;;;;;;;;;;
2026/02/14;0100 UTC;;;;;;;;;;;;;;;;;;
2026/02/14;0200 UTC;;;;;;;;;;;;;;;;;;
2026/02/14;0300 UTC;;;;;;;;;;;;;;;;;;
2026/02/14;0400 UTC;;;;;;;;;;;;;;;;;;
2026/02/14;0500 UTC;;;;;;;;;;;;;;;;;;
2026/02/14;0600 UTC;;;;;;;;;;;;;;;;;;
2026/02/14;0700 UTC;;;;;;;;;;;;;;;;;;
2026/02/14;0800 UTC;;;;;;;;;;;;;;;;;;
2026/02/14;0900 UTC;;;;;;;;;;;;;;;;;;
2026/02/14;1000 UTC;;;;;;;;;;;;;;;;;;
2026/02/14;1100 UTC;;;;;;;;;;;;;;;;;;
2026/02/14;1200 UTC;;;;;;;;;;;;;;;;;;
2026/02/14;1300 UTC;;;;;;;;;;;;;;;;;;
2026/02/14;1400 UTC;;;;;;;;;;;;;;;;;;
2026/02/14;1500 UTC;;;;;;;;;;;;;;;;;;
2026/02/14;1600 UTC;;;;;;;;;;;;;;;;;;
2026/02/14;1700 UTC;;;;;;;;;;;;;;;;;;
2026/02/14;1800 UTC;;;;;;;;;;;;;;;;;;
2026/02/14;1900 UTC;;;;;;;;;;;;;;;;;;
2026/02/14;2000 UTC;;;;;;;;;;;;;;;;;;
2026/02/14;2100 UTC;;;;;;;;;;;;;;;;;;
2026/02/14;2200 UTC;;;;;;;;;;;;;;;;;;
2026/02/14;2300 UTC;;;;;;;;;;;;;;;;;;
2026/02/15;0000 UTC;;;;;;;;;;;;;;;;;;
2026/02/15;0100 UTC;;;;;;;;;;;;;;;;;;
2026/02/15;0200 UTC;;;;;;;;;;;;;;;;;;
2026/02/15;0300 UTC;;;;;;;;;;;;;;;;;;
2026/02/15;0400 UTC;;;;;;;;;;;;;;;;;;
2026/02/15;0500 UTC;;;;;;;;;;;;;;;;;;
2026/02/15;0600 UTC;;;;;;;;;;;;;;;;;;
2026/02/15;0700 UTC;;;;;;;;;;;;;;;;;;
2026/02/15;0800 UTC;;;;;;;;;;;;;;;;;;
2026/02/15;0900 UTC;;;;;;;;;;;;;;;;;;
2026/02/15;1000 UTC;;;;;;;;;;;;;;;;;;
2026/02/15;1100 UTC;;;;;;;;;;;;;;;;;;
2026/02/15;1200 UTC;;;;;;;;;;;;;;;;;;
2026/02/15;1300 UTC;;;;;;;;;;;;;;;;;;
2026/02/15;1400 UTC;;;;;;;;;;;;;;;;;;
2026/02/15;1500 UTC;;;;;;;;;;;;;;;;;;
2026/02/15;1600 UTC;;;;;;;;;;;;;;;;;;
2026/02/15;1700 UTC;;;;;;;;;;;;;;;;;;
2026/02/15;1800 UTC;;;;;;;;;;;;;;;;;;
2026/02/15;1900 UTC;;;;;;;;;;;;;;;;;;
2026/02/15;2000 UTC;;;;;;;;;;;;;;;;;;
2026/02/15;2100 UTC;;;;;;;;;;;;;;;;;;
2026/02/15;2200 UTC;;;;;;;;;;;;;;;;;;
2026/02/15;2300 UTC;;;;;;;;;;;;;;;;;;
2026/02/16;0000 UTC;;;;;;;;;;;;;;;;;;
2026/02/16;0100 UTC;;;;;;;;;;;;;;;;;;
2026/02/16;0200 UTC;;;;;;;;;;;;;;;;;;
2026/02/16;0300 UTC;;;;;;;;;;;;;;;;;;
2026/02/16;0400 UTC;;;;;;;;;;;;;;;;;;
2026/02/16;0500 UTC;;;;;;;;;;;;;;;;;;
2026/02/16;0600 UTC;;;;;;;;;;;;;;;;;;
2026/02/16;0700 UTC;;;;;;;;;;;;;;;;;;
2026/02/16;0800 UTC;;;;;;;;;;;;;;;;;;
2026/02/16;0900 UTC;;;;;;;;;;;;;;;;;;
2026/02/16;1000 UTC;;;;;;;;;;;;;;;;;;
2026/02/16;1100 UTC;;;;;;;;;;;;;;;;;;
2026/02/16;1200 UTC;;;;;;;;;;;;;;;;;;
2026/02/16;1300 UTC;;;;;;;;;;;;;;;;;;
2026/02/16;1400 UTC;;;;;;;;;;;;;;;;;;
2026/02/16;1500 UTC;;;;;;;;;;;;;;;;;;
2026/02/16;1600 UTC;;;;;;;;;;;;;;;;;;
2026/02/16;1700 UTC;;;;;;;;;;;;;;;;;;
2026/02/16;1800 UTC;;;;;;;;;;;;;;;;;;
2026/02/16;1900 UTC;;;;;;;;;;;;;;;;;;
2026/02/16;2000 UTC;;;;;;;;;;;;;;;;;;
2026/02/16;2100 UTC;;;;;;;;;;;;;;;;;;
2026/02/16;2200 UTC;;;;;;;;;;;;;;;;;;
2026/02/16;2300 UTC;;;;;;;;;;;;;;;;;;
2026/02/17;0000 UTC;;;;;;;;;;;;;;;;;;
2026/02/17;0100 UTC;;;;;;;;;;;;;;;;;;
2026/02/17;0200 UTC;;;;;;;;;;;;;;;;;;
2026/02/17;0300 UTC;;;;;;;;;;;;;;;;;;
2026/02/17;0400 UTC;;;;;;;;;;;;;;;;;;
2026/02/17;0500 UTC;;;;;;;;;;;;;;;;;;
2026/02/17;0600 UTC;;;;;;;;;;;;;;;;;;
2026/02/17;0700 UTC;;;;;;;;;;;;;;;;;;
2026/02/17;0800 UTC;;;;;;;;;;;;;;;;;;
2026/02/17;0900 UTC;;;;;;;;;;;;;;;;;;
2026/02/17;1000 UTC;;;;;;;;;;;;;;;;;;
2026/02/17;1100 UTC;;;;;;;;;;;;;;;;;;
2026/02/17;1200 UTC;;;;;;;;;;;;;;;;;;
2026/02/17;1300 UTC;;;;;;;;;;;;;;;;;;
2026/02/17;1400 UTC;;;;;;;;;;;;;;;;;;
2026/02/17;1500 UTC;;;;;;;;;;;;;;;;;;
2026/02/17;1600 UTC;;;;;;;;;;;;;;;;;;
2026/02/17;1700 UTC;;;;;;;;;;;;;;;;;;
2026/02/17;1800 UTC;;;;;;;;;;;;;;;;;;
2026/02/17;1900 UTC;;;;;;;;;;;;;;;;;;
2026/02/17;2000 UTC;;;;;;;;;;;;;;;;;;
2026/02/17;2100 UTC;;;;;;;;;;;;;;;;;;
2026/02/17;2200 UTC;;;;;;;;;;;;;;;;;;
2026/02/17;2300 UTC;;;;;;;;;;;;;;;;;;
2026/02/18;0000 UTC;;;;;;;;;;;;;;;;;;
2026/02/18;0100 UTC;;;;;;;;;;;;;;;;;;
2026/02/18;0200 UTC;;;;;;;;;;;;;;;;;;
2026/02/18;0300 UTC;;;;;;;;;;;;;;;;;;
2026/02/18;0400 UTC;;;;;;;;;;;;;;;;;;
2026/02/18;0500 UTC;;;;;;;;;;;;;;;;;;
2026/02/18;0600 UTC;;;;;;;;;;;;;;;;;;
2026/02/18;0700 UTC;;;;;;;;;;;;;;;;;;
2026/02/18;0800 UTC;;;;;;;;;;;;;;;;;;
2026/02/18;0900 UTC;;;;;;;;;;;;;;;;;;
2026/02/18;1000 UTC;;;;;;;;;;;;;;;;;;
2026/02/18;1100 UTC;;;;;;;;;;;;;;;;;;
2026/02/18;1200 UTC;;;;;;;;;;;;;;;;;;
2026/02/18;1300 UTC;;;;;;;;;;;;;;;;;;
2026/02/18;1400 UTC;;;;;;;;;;;;;;;;;;
2026/02/18;1500 UTC;;;;;;;;;;;;;;;;;;
2026/02/18;1600 UTC;;;;;;;;;;;;;;;;;;
2026/02/18;1700 UTC;;;;;;;;;;;;;;;;;;
2026/02/18;1800 UTC;;;;;;;;;;;;;;;;;;
2026/02/18;1900 UTC;;;;;;;;;;;;;;;;;;
2026/02/18;2000 UTC;;;;;;;;;;;;;;;;;;
2026/02/18;2100 UTC;;;;;;;;;;;;;;;;;;
2026/02/18;2200 UTC;;;;;;;;;;;;;;;;;;
2026/02/18;2300 UTC;;;;;;;;;;;;;;;;;;
2026/02/19;0000 UTC;;;;;;;;;;;;;;;;;;
2026/02/19;0100 UTC;;;;;;;;;;;;;;;;;;
2026/02/19;0200 UTC;;;;;;;;;;;;;;;;;;
2026/02/19;0300 UTC;;;;;;;;;;;;;;;;;;
2026/02/19;0400 UTC;;;;;;;;;;;;;;;;;;
2026/02/19;0500 UTC;;;;;;;;;;;;;;;;;;
2026/02/19;0600 UTC;;;;;;;;;;;;;;;;;;
2026/02/19;0700 UTC;;;;;;;;;;;;;;;;;;
2026/02/19;0800 UTC;;;;;;;;;;;;;;;;;;
2026/02/19;0900 UTC;;;;;;;;;;;;;;;;;;
2026/02/19;1000 UTC;;;;;;;;;;;;;;;;;;
2026/02/19;1100 UTC;;;;;;;;;;;;;;;;;;
2026/02/19;1200 UTC;;;;;;;;;;;;;;;;;;
2026/02/19;1300 UTC;;;;;;;;;;;;;;;;;;
2026/02/19;1400 UTC;;;;;;;;;;;;;;;;;;
2026/02/19;1500 UTC;;;;;;;;;;;;;;;;;;
2026/02/19;1600 UTC;;;;;;;;;;;;;;;;;;
2026/02/19;1700 UTC;;;;;;;;;;;;;;;;;;
2026/02/19;1800 UTC;;;;;;;;;;;;;;;;;;
2026/02/19;1900 UTC;;;;;;;;;;;;;;;;;;
2026/02/19;2000 UTC;;;;;;;;;;;;;;;;;;
2026/02/19;2100 UTC;;;;;;;;;;;;;;;;;;
2026/02/19;2200 UTC;;;;;;;;;;;;;;;;;;
2026/02/19;2300 UTC;;;;;;;;;;;;;;;;;;
2026/02/20;0000 UTC;;;;;;;;;;;;;;;;;;
2026/02/20;0100 UTC;;;;;;;;;;;;;;;;;;
2026/02/20;0200 UTC;;;;;;;;;;;;;;;;;;
2026/02/20;0300 UTC;;;;;;;;;;;;;;;;;;
2026/02/20;0400 UTC;;;;;;;;;;;;;;;;;;
2026/02/20;0500 UTC;;;;;;;;;;;;;;;;;;
2026/02/20;0600 UTC;;;;;;;;;;;;;;;;;;
2026/02/20;0700 UTC;;;;;;;;;;;;;;;;;;
2026/02/20;0800 UTC;;;;;;;;;;;;;;;;;;
2026/02/20;0900 UTC;;;;;;;;;;;;;;;;;;
2026/02/20;1000 UTC;;;;;;;;;;;;;;;;;;
2026/02/20;1100 UTC;;;;;;;;;;;;;;;;;;
2026/02/20;1200 UTC;;;;;;;;;;;;;;;;;;
2026/02/20;1300 UTC;;;;;;;;;;;;;;;;;;
2026/02/20;1400 UTC;;;;;;;;;;;;;;;;;;
2026/02/20;1500 UTC;;;;;;;;;;;;;;;;;;
2026/02/20;1600 UTC;;;;;;;;;;;;;;;;;;
2026/02/20;1700 UTC;;;;;;;;;;;;;;;;;;
2026/02/20;1800 UTC;;;;;;;;;;;;;;;;;;
2026/02/20;1900 UTC;;;;;;;;;;;;;;;;;;
2026/02/20;2000 UTC;;;;;;;;;;;;;;;;;;
2026/02/20;2100 UTC;;;;;;;;;;;;;;;;;;
2026/02/20;2200 UTC;;;;;;;;;;;;;;;;;;
2026/02/20;2300 UTC;;;;;;;;;;;;;;;;;;
2026/02/21;0000 UTC;;;;;;;;;;;;;;;;;;
2026/02/21;0100 UTC;;;;;;;;;;;;;;;;;;
2026/02/21;0200 UTC;;;;;;;;;;;;;;;;;;
2026/02/21;0300 UTC;;;;;;;;;;;;;;;;;;
2026/02/21;0400 UTC;;;;;;;;;;;;;;;;;;
2026/02/21;0500 UTC;;;;;;;;;;;;;;;;;;
2026/02/21;0600 UTC;;;;;;;;;;;;;;;;;;
2026/02/21;0700 UTC;;;;;;;;;;;;;;;;;;
2026/02/21;0800 UTC;;;;;;;;;;;;;;;;;;
2026/02/21;0900 UTC;;;;;;;;;;;;;;;;;;
2026/02/21;1000 UTC;;;;;;;;;;;;;;;;;;
2026/02/21;1100 UTC;;;;;;;;;;;;;;;;;;
2026/02/21;1200 UTC;;;;;;;;;;;;;;;;;;
2026/02/21;1300 UTC;;;;;;;;;;;;;;;;;;
2026/02/21;1400 UTC;;;;;;;;;;;;;;;;;;
2026/02/21;1500 UTC;;;;;;;;;;;;;;;;;;
2026/02/21;1600 UTC;;;;;;;;;;;;;;;;;;
2026/02/21;1700 UTC;;;;;;;;;;;;;;;;;;
2026/02/21;1800 UTC;;;;;;;;;;;;;;;;;;
2026/02/21;1900 UTC;;;;;;;;;;;;;;;;;;
2026/02/21;2000 UTC;;;;;;;;;;;;;;;;;;
2026/02/21;2100 UTC;;;;;;;;;;;;;;;;;;
2026/02/21;2200 UTC;;;;;;;;;;;;;;;;;;
2026/02/21;2300 UTC;;;;;;;;;;;;;;;;;;
2026/02/22;0000 UTC;;;;;;;;;;;;;;;;;;
2026/02/22;0100 UTC;;;;;;;;;;;;;;;;;;
2026/02/22;0200 UTC;;;;;;;;;;;;;;;;;;
2026/02/22;0300 UTC;;;;;;;;;;;;;;;;;;
2026/02/22;0400 UTC;;;;;;;;;;;;;;;;;;
2026/02/22;0500 UTC;;;;;;;;;;;;;;;;;;
2026/02/22;0600 UTC;;;;;;;;;;;;;;;;;;
2026/02/22;0700 UTC;;;;;;;;;;;;;;;;;;
2026/02/22;0800 UTC;;;;;;;;;;;;;;;;;;
2026/02/22;0900 UTC;;;;;;;;;;;;;;;;;;
2026/02/22;1000 UTC;;;;;;;;;;;;;;;;;;
2026/02/22;1100 UTC;;;;;;;;;;;;;;;;;;
2026/02/22;1200 UTC;;;;;;;;;;;;;;;;;;
2026/02/22;1300 UTC;;;;;;;;;;;;;;;;;;
2026/02/22;1400 UTC;;;;;;;;;;;;;;;;;;
2026/02/22;1500 UTC;;;;;;;;;;;;;;;;;;
2026/02/22;1600 UTC;;;;;;;;;;;;;;;;;;
2026/02/22;1700 UTC;;;;;;;;;;;;;;;;;;
2026/02/22;1800 UTC;;;;;;;;;;;;;;;;;;
2026/02/22;1900 UTC;;;;;;;;;;;;;;;;;;
2026/02/22;2000 UTC;;;;;;;;;;;;;;;;;;
2026/02/22;2100 UTC;;;;;;;;;;;;;;;;;;
2026/02/22;2200 UTC;;;;;;;;;;;;;;;;;;
2026/02/22;2300 UTC;;;;;;;;;;;;;;;;;;
2026/02/23;0000 UTC;;;;;;;;;;;;;;;;;;
2026/02/23;0100 UTC;;;;;;;;;;;;;;;;;;
2026/02/23;0200 UTC;;;;;;;;;;;;;;;;;;
2026/02/23;0300 UTC;;;;;;;;;;;;;;;;;;
2026/02/23;0400 UTC;;;;;;;;;;;;;;;;;;
2026/02/23;0500 UTC;;;;;;;;;;;;;;;;;;
2026/02/23;0600 UTC;;;;;;;;;;;;;;;;;;
2026/02/23;0700 UTC;;;;;;;;;;;;;;;;;;
2026/02/23;0800 UTC;;;;;;;;;;;;;;;;;;
2026/02/23;0900 UTC;;;;;;;;;;;;;;;;;;
2026/02/23;1000 UTC;;;;;;;;;;;;;;;;;;
2026/02/23;1100 UTC;;;;;;;;;;;;;;;;;;
2026/02/23;1200 UTC;;;;;;;;;;;;;;;;;;
2026/02/23;1300 UTC;;;;;;;;;;;;;;;;;;
2026/02/23;1400 UTC;;;;;;;;;;;;;;;;;;
2026/02/23;1500 UTC;;;;;;;;;;;;;;;;;;
2026/02/23;1600 UTC;;;;;;;;;;;;;;;;;;
2026/02/23;1700 UTC;;;;;;;;;;;;;;;;;;
2026/02/23;1800 UTC;;;;;;;;;;;;;;;;;;
2026/02/23;1900 UTC;;;;;;;;;;;;;;;;;;
2026/02/23;2000 UTC;;;;;;;;;;;;;;;;;;
2026/02/23;2100 UTC;;;;;;;;;;;;;;;;;;
2026/02/23;2200 UTC;;;;;;;;;;;;;;;;;;
2026/02/23;2300 UTC;;;;;;;;;;;;;;;;;;
2026/02/24;0000 UTC;;;;;;;;;;;;;;;;;;
2026/02/24;0100 UTC;;;;;;;;;;;;;;;;;;
2026/02/24;0200 UTC;;;;;;;;;;;;;;;;;;
2026/02/24;0300 UTC;;;;;;;;;;;;;;;;;;
2026/02/24;0400 UTC;;;;;;;;;;;;;;;;;;
2026/02/24;0500 UTC;;;;;;;;;;;;;;;;;;
2026/02/24;0600 UTC;;;;;;;;;;;;;;;;;;
2026/02/24;0700 UTC;;;;;;;;;;;;;;;;;;
2026/02/24;0800 UTC;;;;;;;;;;;;;;;;;;
2026/02/24;0900 UTC;;;;;;;;;;;;;;;;;;
2026/02/24;1000 UTC;;;;;;;;;;;;;;;;;;
2026/02/24;1100 UTC;;;;;;;;;;;;;;;;;;
2026/02/24;1200 UTC;;;;;;;;;;;;;;;;;;
2026/02/24;1300 UTC;;;;;;;;;;;;;;;;;;
2026/02/24;1400 UTC;;;;;;;;;;;;;;;;;;
2026/02/24;1500 UTC;;;;;;;;;;;;;;;;;;
2026/02/24;1600 UTC;;;;;;;;;;;;;;;;;;
2026/02/24;1700 UTC;;;;;;;;;;;;;;;;;;
2026/02/24;1800 UTC;;;;;;;;;;;;;;;;;;
2026/02/24;1900 UTC;;;;;;;;;;;;;;;;;;
2026/02/24;2000 UTC;;;;;;;;;;;;;;;;;;
2026/02/24;2100 UTC;;;;;;;;;;;;;;;;;;
2026/02/24;2200 UTC;;;;;;;;;;;;;;;;;;
2026/02/24;2300 UTC;;;;;;;;;;;;;;;;;;
2026/02/25;0000 UTC;;;;;;;;;;;;;;;;;;
2026/02/25;0100 UTC;;;;;;;;;;;;;;;;;;
2026/02/25;0200 UTC;;;;;;;;;;;;;;;;;;
2026/02/25;0300 UTC;;;;;;;;;;;;;;;;;;
2026/02/25;0400 UTC;;;;;;;;;;;;;;;;;;
2026/02/25;0500 UTC;;;;;;;;;;;;;;;;;;
2026/02/25;0600 UTC;;;;;;;;;;;;;;;;;;
2026/02/25;0700 UTC;;;;;;;;;;;;;;;;;;
2026/02/25;0800 UTC;;;;;;;;;;;;;;;;;;
2026/02/25;0900 UTC;;;;;;;;;;;;;;;;;;
2026/02/25;1000 UTC;;;;;;;;;;;;;;;;;;
2026/02/25;1100 UTC;;;;;;;;;;;;;;;;;;
2026/02/25;1200 UTC;;;;;;;;;;;;;;;;;;
2026/02/25;1300 UTC;;;;;;;;;;;;;;;;;;
2026/02/25;1400 UTC;;;;;;;;;;;;;;;;;;
2026/02/25;1500 UTC;;;;;;;;;;;;;;;;;;
2026/02/25;1600 UTC;;;;;;;;;;;;;;;;;;
2026/02/25;1700 UTC;;;;;;;;;;;;;;;;;;
2026/02/25;1800 UTC;;;;;;;;;;;;;;;;;;
2026/02/25;1900 UTC;;;;;;;;;;;;;;;;;;
2026/02/25;2000 UTC;;;;;;;;;;;;;;;;;;
2026/02/25;2100 UTC;;;;;;;;;;;;;;;;;;
2026/02/25;2200 UTC;;;;;;;;;;;;;;;;;;
2026/02/25;2300 UTC;;;;;;;;;;;;;;;;;;
2026/02/26;0000 UTC;;;;;;;;;;;;;;;;;;
2026/02/26;0100 UTC;;;;;;;;;;;;;;;;;;
2026/02/26;0200 UTC;;;;;;;;;;;;;;;;;;
2026/02/26;0300 UTC;;;;;;;;;;;;;;;;;;
2026/02/26;0400 UTC;;;;;;;;;;;;;;;;;;
2026/02/26;0500 UTC;;;;;;;;;;;;;;;;;;
2026/02/26;0600 UTC;;;;;;;;;;;;;;;;;;
2026/02/26;0700 UTC;;;;;;;;;;;;;;;;;;
2026/02/26;0800 UTC;;;;;;;;;;;;;;;;;;
2026/02/26;0900 UTC;;;;;;;;;;;;;;;;;;
2026/02/26;1000 UTC;;;;;;;;;;;;;;;;;;
2026/02/26;1100 UTC;;;;;;;;;;;;;;;;;;
2026/02/26;1200 UTC;;;;;;;;;;;;;;;;;;
2026/02/26;1300 UTC;;;;;;;;;;;;;;;;;;
2026/02/26;1400 UTC;;;;;;;;;;;;;;;;;;
2026/02/26;1500 UTC;;;;;;;;;;;;;;;;;;
2026/02/26;1600 UTC;;;;;;;;;;;;;;;;;;
2026/02/26;1700 UTC;;;;;;;;;;;;;;;;;;
2026/02/26;1800 UTC;;;;;;;;;;;;;;;;;;
2026/02/26;1900 UTC;;;;;;;;;;;;;;;;;;
2026/02/26;2000 UTC;;;;;;;;;;;;;;;;;;
2026/02/26;2100 UTC;;;;;;;;;;;;;;;;;;
2026/02/26;2200 UTC;;;;;;;;;;;;;;;;;;
2026/02/26;2300 UTC;;;;;;;;;;;;;;;;;;
2026/02/27;0000 UTC;;;;;;;;;;;;;;;;;;
2026/02/27;0100 UTC;;;;;;;;;;;;;;;;;;
2026/02/27;0200 UTC;;;;;;;;;;;;;;;;;;
2026/02/27;0300 UTC;;;;;;;;;;;;;;;;;;
2026/02/27;0400 UTC;;;;;;;;;;;;;;;;;;
2026/02/27;0500 UTC;;;;;;;;;;;;;;;;;;
2026/02/27;0600 UTC;;;;;;;;;;;;;;;;;;
2026/02/27;0700 UTC;;;;;;;;;;;;;;;;;;
2026/02/27;0800 UTC;;;;;;;;;;;;;;;;;;
2026/02/27;0900 UTC;;;;;;;;;;;;;;;;;;
2026/02/27;1000 UTC;;;;;;;;;;;;;;;;;;
2026/02/27;1100 UTC;;;;;;;;;;;;;;;;;;
2026/02/27;1200 UTC;;;;;;;;;;;;;;;;;;
2026/02/27;1300 UTC;;;;;;;;;;;;;;;;;;
2026/02/27;1400 UTC;;;;;;;;;;;;;;;;;;
2026/02/27;1500 UTC;;;;;;;;;;;;;;;;;;
2026/02/27;1600 UTC;;;;;;;;;;;;;;;;;;
2026/02/27;1700 UTC;;;;;;;;;;;;;;;;;;
2026/02/27;1800 UTC;;;;;;;;;;;;;;;;;;
2026/02/27;1900 UTC;;;;;;;;;;;;;;;;;;
2026/02/27;2000 UTC;;;;;;;;;;;;;;;;;;
2026/02/27;2100 UTC;;;;;;;;;;;;;;;;;;
2026/02/27;2200 UTC;;;;;;;;;;;;;;;;;;
2026/02/27;2300 UTC;;;;;;;;;;;;;;;;;;
2026/02/28;0000 UTC;;;;;;;;;;;;;;;;;;
2026/02/28;0100 UTC;;;;;;;;;;;;;;;;;;
2026/02/28;0200 UTC;;;;;;;;;;;;;;;;;;
2026/02/28;0300 UTC;;;;;;;;;;;;;;;;;;
2026/02/28;0400 UTC;;;;;;;;;;;;;;;;;;
2026/02/28;0500 UTC;;;;;;;;;;;;;;;;;;
2026/02/28;0600 UTC;;;;;;;;;;;;;;;;;;
2026/02/28;0700 UTC;;;;;;;;;;;;;;;;;;
2026/02/28;0800 UTC;;;;;;;;;;;;;;;;;;
2026/02/28;0900 UTC;;;;;;;;;;;;;;;;;;
2026/02/28;1000 UTC;;;;;;;;;;;;;;;;;;
2026/02/28;1100 UTC;;;;;;;;;;;;;;;;;;
2026/02/28;1200 UTC;;;;;;;;;;;;;;;;;;
2026/02/28;1300 UTC;;;;;;;;;;;;;;;;;;
2026/02/28;1400 UTC;;;;;;;;;;;;;;;;;;
2026/02/28;1500 UTC;;;;;;;;;;;;;;;;;;
2026/02/28;1600 UTC;;;;;;;;;;;;;;;;;;
2026/02/28;1700 UTC;;;;;;;;;;;;;;;;;;
2026/02/28;1800 UTC;;;;;;;;;;;;;;;;;;
2026/02/28;1900 UTC;;;;;;;;;;;;;;;;;;
2026/02/28;2000 UTC;;;;;;;;;;;;;;;;;;
2026/02/28;2100 UTC;;;;;;;;;;;;;;;;;;
2026/02/28;2200 UTC;;;;;;;;;;;;;;;;;;
2026/02/28;2300 UTC;;;;;;;;;;;;;;;;;;
2026/03/01;0000 UTC;;;;;;;;;;;;;;;;;;
2026/03/01;0100 UTC;;;;;;;;;;;;;;;;;;
2026/03/01;0200 UTC;;;;;;;;;;;;;;;;;;
2026/03/01;0300 UTC;;;;;;;;;;;;;;;;;;
2026/03/01;0400 UTC;;;;;;;;;;;;;;;;;;
2026/03/01;0500 UTC;;;;;;;;;;;;;;;;;;
2026/03/01;0600 UTC;;;;;;;;;;;;;;;;;;
2026/03/01;0700 UTC;;;;;;;;;;;;;;;;;;
2026/03/01;0800 UTC;;;;;;;;;;;;;;;;;;
2026/03/01;0900 UTC;;;;;;;;;;;;;;;;;;
2026/03/01;1000 UTC;;;;;;;;;;;;;;;;;;
2026/03/01;1100 UTC;;;;;;;;;;;;;;;;;;
2026/03/01;1200 UTC;;;;;;;;;;;;;;;;;;
2026/03/01;1300 UTC;;;;;;;;;;;;;;;;;;
2026/03/01;1400 UTC;;;;;;;;;;;;;;;;;;
2026/03/01;1500 UTC;;;;;;;;;;;;;;;;;;
2026/03/01;1600 UTC;;;;;;;;;;;;;;;;;;
2026/03/01;1700 UTC;;;;;;;;;;;;;;;;;;
2026/03/01;1800 UTC;;;;;;;;;;;;;;;;;;
2026/03/01;1900 UTC;;;;;;;;;;;;;;;;;;
2026/03/01;2000 UTC;;;;;;;;;;;;;;;;;;
2026/03/01;2100 UTC;;;;;;;;;;;;;;;;;;
2026/03/01;2200 UTC;;;;;;;;;;;;;;;;;;
2026/03/01;2300 UTC;;;;;;;;;;;;;;;;;;
2026/03/02;0000 UTC;;;;;;;;;;;;;;;;;;
2026/03/02;0100 UTC;;;;;;;;;;;;;;;;;;
2026/03/02;0200 UTC;;;;;;;;;;;;;;;;;;
2026/03/02;0300 UTC;;;;;;;;;;;;;;;;;;
2026/03/02;0400 UTC;;;;;;;;;;;;;;;;;;
2026/03/02;0500 UTC;;;;;;;;;;;;;;;;;;
2026/03/02;0600 UTC;;;;;;;;;;;;;;;;;;
2026/03/02;0700 UTC;;;;;;;;;;;;;;;;;;
2026/03/02;0800 UTC;;;;;;;;;;;;;;;;;;
2026/03/02;0900 UTC;;;;;;;;;;;;;;;;;;
2026/03/02;1000 UTC;;;;;;;;;;;;;;;;;;
2026/03/02;1100 UTC;;;;;;;;;;;;;;;;;;
2026/03/02;1200 UTC;;;;;;;;;;;;;;;;;;
2026/03/02;1300 UTC;;;;;;;;;;;;;;;;;;
2026/03/02;1400 UTC;;;;;;;;;;;;;;;;;;
2026/03/02;1500 UTC;;;;;;;;;;;;;;;;;;
2026/03/02;1600 UTC;;;;;;;;;;;;;;;;;;
2026/03/02;1700 UTC;;;;;;;;;;;;;;;;;;
2026/03/02;1800 UTC;;;;;;;;;;;;;;;;;;
2026/03/02;1900 UTC;;;;;;;;;;;;;;;;;;
2026/03/02;2000 UTC;;;;;;;;;;;;;;;;;;
2026/03/02;2100 UTC;;;;;;;;;;;;;;;;;;
2026/03/02;2200 UTC;;;;;;;;;;;;;;;;;;
2026/03/02;2300 UTC;;;;;;;;;;;;;;;;;;
2026/03/03;0000 UTC;;;;;;;;;;;;;;;;;;
2026/03/03;0100 UTC;;;;;;;;;;;;;;;;;;
2026/03/03;0200 UTC;;;;;;;;;;;;;;;;;;
2026/03/03;0300 UTC;;;;;;;;;;;;;;;;;;
2026/03/03;0400 UTC;;;;;;;;;;;;;;;;;;
2026/03/03;0500 UTC;;;;;;;;;;;;;;;;;;
2026/03/03;0600 UTC;;;;;;;;;;;;;;;;;;
2026/03/03;0700 UTC;;;;;;;;;;;;;;;;;;
2026/03/03;0800 UTC;;;;;;;;;;;;;;;;;;
2026/03/03;0900 UTC;;;;;;;;;;;;;;;;;;
2026/03/03;1000 UTC;;;;;;;;;;;;;;;;;;
2026/03/03;1100 UTC;;;;;;;;;;;;;;;;;;
2026/03/03;1200 UTC;;;;;;;;;;;;;;;;;;
2026/03/03;1300 UTC;;;;;;;;;;;;;;;;;;
2026/03/03;1400 UTC;;;;;;;;;;;;;;;;;;
2026/03/03;1500 UTC;;;;;;;;;;;;;;;;;;
2026/03/03;1600 UTC;;;;;;;;;;;;;;;;;;
2026/03/03;1700 UTC;;;;;;;;;;;;;;;;;;
2026/03/03;1800 UTC;;;;;;;;;;;;;;;;;;
2026/03/03;1900 UTC;;;;;;;;;;;;;;;;;;
2026/03/03;2000 UTC;;;;;;;;;;;;;;;;;;
2026/03/03;2100 UTC;;;;;;;;;;;;;;;;;;
2026/03/03;2200 UTC;;;;;;;;;;;;;;;;;;
2026/03/03;2300 UTC;;;;;;;;;;;;;;;;;;
2026/03/04;0000 UTC;;;;;;;;;;;;;;;;;;
2026/03/04;0100 UTC;;;;;;;;;;;;;;;;;;
2026/03/04;0200 UTC;;;;;;;;;;;;;;;;;;
2026/03/04;0300 UTC;;;;;;;;;;;;;;;;;;
2026/03/04;0400 UTC;;;;;;;;;;;;;;;;;;
2026/03/04;0500 UTC;;;;;;;;;;;;;;;;;;
2026/03/04;0600 UTC;;;;;;;;;;;;;;;;;;
2026/03/04;0700 UTC;;;;;;;;;;;;;;;;;;
2026/03/04;0800 UTC;;;;;;;;;;;;;;;;;;
2026/03/04;0900 UTC;;;;;;;;;;;;;;;;;;
2026/03/04;1000 UTC;;;;;;;;;;;;;;;;;;
2026/03/04;1100 UTC;;;;;;;;;;;;;;;;;;
2026/03/04;1200 UTC;;;;;;;;;;;;;;;;;;
2026/03/04;1300 UTC;;;;;;;;;;;;;;;;;;
2026/03/04;1400 UTC;;;;;;;;;;;;;;;;;;
2026/03/04;1500 UTC;;;;;;;;;;;;;;;;;;
2026/03/04;1600 UTC;;;;;;;;;;;;;;;;;;
2026/03/04;1700 UTC;;;;;;;;;;;;;;;;;;
2026/03/04;1800 UTC;;;;;;;;;;;;;;;;;;
2026/03/04;1900 UTC;;;;;;;;;;;;;;;;;;
2026/03/04;2000 UTC;;;;;;;;;;;;;;;;;;
2026/03/04;2100 UTC;;;;;;;;;;;;;;;;;;
2026/03/04;2200 UTC;;;;;;;;;;;;;;;;;;
2026/03/04;2300 UTC;;;;;;;;;;;;;;;;;;
2026/03/05;0000 UTC;;;;;;;;;;;;;;;;;;
2026/03/05;0100 UTC;;;;;;;;;;;;;;;;;;
2026/03/05;0200 UTC;;;;;;;;;;;;;;;;;;
2026/03/05;0300 UTC;;;;;;;;;;;;;;;;;;
2026/03/05;0400 UTC;;;;;;;;;;;;;;;;;;
2026/03/05;0500 UTC;;;;;;;;;;;;;;;;;;
2026/03/05;0600 UTC;;;;;;;;;;;;;;;;;;
2026/03/05;0700 UTC;;;;;;;;;;;;;;;;;;
2026/03/05;0800 UTC;;;;;;;;;;;;;;;;;;
2026/03/05;0900 UTC;;;;;;;;;;;;;;;;;;
2026/03/05;1000 UTC;;;;;;;;;;;;;;;;;;
2026/03/05;1100 UTC;;;;;;;;;;;;;;;;;;
2026/03/05;1200 UTC;;;;;;;;;;;;;;;;;;
2026/03/05;1300 UTC;;;;;;;;;;;;;;;;;;
2026/03/05;1400 UTC;;;;;;;;;;;;;;;;;;
2026/03/05;1500 UTC;;;;;;;;;;;;;;;;;;
2026/03/05;1600 UTC;;;;;;;;;;;;;;;;;;
2026/03/05;1700 UTC;;;;;;;;;;;;;;;;;;
2026/03/05;1800 UTC;;;;;;;;;;;;;;;;;;
2026/03/05;1900 UTC;;;;;;;;;;;;;;;;;;
2026/03/05;2000 UTC;;;;;;;;;;;;;;;;;;
2026/03/05;2100 UTC;;;;;;;;;;;;;;;;;;
2026/03/05;2200 UTC;;;;;;;;;;;;;;;;;;
2026/03/05;2300 UTC;;;;;;;;;;;;;;;;;;
2026/03/06;0000 UTC;;;;;;;;;;;;;;;;;;
2026/03/06;0100 UTC;;;;;;;;;;;;;;;;;;
2026/03/06;0200 UTC;;;;;;;;;;;;;;;;;;
2026/03/06;0300 UTC;;;;;;;;;;;;;;;;;;
2026/03/06;0400 UTC;;;;;;;;;;;;;;;;;;
2026/03/06;0500 UTC;;;;;;;;;;;;;;;;;;
2026/03/06;0600 UTC;;;;;;;;;;;;;;;;;;
2026/03/06;0700 UTC;;;;;;;;;;;;;;;;;;
2026/03/06;0800 UTC;;;;;;;;;;;;;;;;;;
2026/03/06;0900 UTC;;;;;;;;;;;;;;;;;;
2026/03/06;1000 UTC;;;;;;;;;;;;;;;;;;
2026/03/06;1100 UTC;;;;;;;;;;;;;;;;;;
2026/03/06;1200 UTC;;;;;;;;;;;;;;;;;;
2026/03/06;1300 UTC;;;;;;;;;;;;;;;;;;
2026/03/06;1400 UTC;;;;;;;;;;;;;;;;;;
2026/03/06;1500 UTC;;;;;;;;;;;;;;;;;;
2026/03/06;1600 UTC;;;;;;;;;;;;;;;;;;
2026/03/06;1700 UTC;;;;;;;;;;;;;;;;;;
2026/03/06;1800 UTC;;;;;;;;;;;;;;;;;;
2026/03/06;1900 UTC;;;;;;;;;;;;;;;;;;
2026/03/06;2000 UTC;;;;;;;;;;;;;;;;;;
2026/03/06;2100 UTC;;;;;;;;;;;;;;;;;;
2026/03/06;2200 UTC;;;;;;;;;;;;;;;;;;
2026/03/06;2300 UTC;;;;;;;;;;;;;;;;;;
2026/03/07;0000 UTC;;;;;;;;;;;;;;;;;;
2026/03/07;0100 UTC;;;;;;;;;;;;;;;;;;
2026/03/07;0200 UTC;;;;;;;;;;;;;;;;;;
2026/03/07;0300 UTC;;;;;;;;;;;;;;;;;;
2026/03/07;0400 UTC;;;;;;;;;;;;;;;;;;
2026/03/07;0500 UTC;;;;;;;;;;;;;;;;;;
2026/03/07;0600 UTC;;;;;;;;;;;;;;;;;;
2026/03/07;0700 UTC;;;;;;;;;;;;;;;;;;
2026/03/07;0800 UTC;;;;;;;;;;;;;;;;;;
2026/03/07;0900 UTC;;;;;;;;;;;;;;;;;;
2026/03/07;1000 UTC;;;;;;;;;;;;;;;;;;
2026/03/07;1100 UTC;;;;;;;;;;;;;;;;;;
2026/03/07;1200 UTC;;;;;;;;;;;;;;;;;;
2026/03/07;1300 UTC;;;;;;;;;;;;;;;;;;
2026/03/07;1400 UTC;;;;;;;;;;;;;;;;;;
2026/03/07;1500 UTC;;;;;;;;;;;;;;;;;;
2026/03/07;1600 UTC;;;;;;;;;;;;;;;;;;
2026/03/07;1700 UTC;;;;;;;;;;;;;;;;;;
2026/03/07;1800 UTC;;;;;;;;;;;;;;;;;;
2026/03/07;1900 UTC;;;;;;;;;;;;;;;;;;
2026/03/07;2000 UTC;;;;;;;;;;;;;;;;;;
2026/03/07;2100 UTC;;;;;;;;;;;;;;;;;;
2026/03/07;2200 UTC;;;;;;;;;;;;;;;;;;
2026/03/07;2300 UTC;;;;;;;;;;;;;;;;;;
2026/03/08;0000 UTC;;;;;;;;;;;;;;;;;;
2026/03/08;0100 UTC;;;;;;;;;;;;;;;;;;
2026/03/08;0200 UTC;;;;;;;;;;;;;;;;;;
2026/03/08;0300 UTC;;;;;;;;;;;;;;;;;;
2026/03/08;0400 UTC;;;;;;;;;;;;;;;;;;
2026/03/08;0500 UTC;;;;;;;;;;;;;;;;;;
2026/03/08;0600 UTC;;;;;;;;;;;;;;;;;;
2026/03/08;0700 UTC;;;;;;;;;;;;;;;;;;
2026/03/08;0800 UTC;;;;;;;;;;;;;;;;;;
2026/03/08;0900 UTC;;;;;;;;;;;;;;;;;;
2026/03/08;1000 UTC;;;;;;;;;;;;;;;;;;
2026/03/08;1100 UTC;;;;;;;;;;;;;;;;;;
2026/03/08;1200 UTC;;;;;;;;;;;;;;;;;;
2026/03/08;1300 UTC;;;;;;;;;;;;;;;;;;
2026/03/08;1400 UTC;;;;;;;;;;;;;;;;;;
2026/03/08;1500 UTC;;;;;;;;;;;;;;;;;;
2026/03/08;1600 UTC;;;;;;;;;;;;;;;;;;
2026/03/08;1700 UTC;;;;;;;;;;;;;;;;;;
2026/03/08;1800 UTC;;;;;;;;;;;;;;;;;;
2026/03/08;1900 UTC;;;;;;;;;;;;;;;;;;
2026/03/08;2000 UTC;;;;;;;;;;;;;;;;;;
2026/03/08;2100 UTC;;;;;;;;;;;;;;;;;;
2026/03/08;2200 UTC;;;;;;;;;;;;;;;;;;
2026/03/08;2300 UTC;;;;;;;;;;;;;;;;;;
2026/03/09;0000 UTC;;;;;;;;;;;;;;;;;;
2026/03/09;0100 UTC;;;;;;;;;;;;;;;;;;
2026/03/09;0200 UTC;;;;;;;;;;;;;;;;;;
2026/03/09;0300 UTC;;;;;;;;;;;;;;;;;;
2026/03/09;0400 UTC;;;;;;;;;;;;;;;;;;
2026/03/09;0500 UTC;;;;;;;;;;;;;;;;;;
2026/03/09;0600 UTC;;;;;;;;;;;;;;;;;;
2026/03/09;0700 UTC;;;;;;;;;;;;;;;;;;
2026/03/09;0800 UTC;;;;;;;;;;;;;;;;;;
2026/03/09;0900 UTC;;;;;;;;;;;;;;;;;;
2026/03/09;1000 UTC;;;;;;;;;;;;;;;;;;
2026/03/09;1100 UTC;;;;;;;;;;;;;;;;;;
2026/03/09;1200 UTC;;;;;;;;;;;;;;;;;;
2026/03/09;1300 UTC;;;;;;;;;;;;;;;;;;
2026/03/09;1400 UTC;;;;;;;;;;;;;;;;;;
2026/03/09;1500 UTC;;;;;;;;;;;;;;;;;;
2026/03/09;1600 UTC;;;;;;;;;;;;;;;;;;
2026/03/09;1700 UTC;;;;;;;;;;;;;;;;;;
2026/03/09;1800 UTC;;;;;;;;;;;;;;;;;;
2026/03/09;1900 UTC;;;;;;;;;;;;;;;;;;
2026/03/09;2000 UTC;;;;;;;;;;;;;;;;;;
2026/03/09;2100 UTC;;;;;;;;;;;;;;;;;;
2026/03/09;2200 UTC;;;;;;;;;;;;;;;;;;
2026/03/09;2300 UTC;;;;;;;;;;;;;;;;;;
2026/03/10;0000 UTC;;;;;;;;;;;;;;;;;;
2026/03/10;0100 UTC;;;;;;;;;;;;;;;;;;
2026/03/10;0200 UTC;;;;;;;;;;;;;;;;;;
2026/03/10;0300 UTC;;;;;;;;;;;;;;;;;;
2026/03/10;0400 UTC;;;;;;;;;;;;;;;;;;
2026/03/10;0500 UTC;;;;;;;;;;;;;;;;;;
2026/03/10;0600 UTC;;;;;;;;;;;;;;;;;;
2026/03/10;0700 UTC;;;;;;;;;;;;;;;;;;
2026/03/10;0800 UTC;;;;;;;;;;;;;;;;;;
2026/03/10;0900 UTC;;;;;;;;;;;;;;;;;;
2026/03/10;1000 UTC;;;;;;;;;;;;;;;;;;
2026/03/10;1100 UTC;;;;;;;;;;;;;;;;;;
2026/03/10;1200 UTC;;;;;;;;;;;;;;;;;;
2026/03/10;1300 UTC;;;;;;;;;;;;;;;;;;
2026/03/10;1400 UTC;;;;;;;;;;;;;;;;;;
2026/03/10;1500 UTC;;;;;;;;;;;;;;;;;;
2026/03/10;1600 UTC;;;;;;;;;;;;;;;;;;
2026/03/10;1700 UTC;;;;;;;;;;;;;;;;;;
2026/03/10;1800 UTC;;;;;;;;;;;;;;;;;;
2026/03/10;1900 UTC;;;;;;;;;;;;;;;;;;
2026/03/10;2000 UTC;;;;;;;;;;;;;;;;;;
2026/03/10;2100 UTC;;;;;;;;;;;;;;;;;;
2026/03/10;2200 UTC;;;;;;;;;;;;;;;;;;
2026/03/10;2300 UTC;;;;;;;;;;;;;;;;;;
2026/03/11;0000 UTC;;;;;;;;;;;;;;;;;;
2026/03/11;0100 UTC;;;;;;;;;;;;;;;;;;
2026/03/11;0200 UTC;;;;;;;;;;;;;;;;;;
2026/03/11;0300 UTC;;;;;;;;;;;;;;;;;;
2026/03/11;0400 UTC;;;;;;;;;;;;;;;;;;
2026/03/11;0500 UTC;;;;;;;;;;;;;;;;;;
2026/03/11;0600 UTC;;;;;;;;;;;;;;;;;;
2026/03/11;0700 UTC;;;;;;;;;;;;;;;;;;
2026/03/11;0800 UTC;;;;;;;;;;;;;;;;;;
2026/03/11;0900 UTC;;;;;;;;;;;;;;;;;;
2026/03/11;1000 UTC;;;;;;;;;;;;;;;;;;
2026/03/11;1100 UTC;;;;;;;;;;;;;;;;;;
2026/03/11;1200 UTC;;;;;;;;;;;;;;;;;;
2026/03/11;1300 UTC;;;;;;;;;;;;;;;;;;
2026/03/11;1400 UTC;;;;;;;;;;;;;;;;;;
2026/03/11;1500 UTC;;;;;;;;;;;;;;;;;;
2026/03/11;1600 UTC;;;;;;;;;;;;;;;;;;
2026/03/11;1700 UTC;;;;;;;;;;;;;;;;;;
2026/03/11;1800 UTC;;;;;;;;;;;;;;;;;;
2026/03/11;1900 UTC;;;;;;;;;;;;;;;;;;
2026/03/11;2000 UTC;;;;;;;;;;;;;;;;;;
2026/03/11;2100 UTC;;;;;;;;;;;;;;;;;;
2026/03/11;2200 UTC;;;;;;;;;;;;;;;;;;
2026/03/11;2300 UTC;;;;;;;;;;;;;;;;;;
2026/03/12;0000 UTC;;;;;;;;;;;;;;;;;;
2026/03/12;0100 UTC;;;;;;;;;;;;;;;;;;
2026/03/12;0200 UTC;;;;;;;;;;;;;;;;;;
2026/03/12;0300 UTC;;;;;;;;;;;;;;;;;;
2026/03/12;0400 UTC;;;;;;;;;;;;;;;;;;
2026/03/12;0500 UTC;;;;;;;;;;;;;;;;;;
2026/03/12;0600 UTC;;;;;;;;;;;;;;;;;;
2026/03/12;0700 UTC;;;;;;;;;;;;;;;;;;
2026/03/12;0800 UTC;;;;;;;;;;;;;;;;;;
2026/03/12;0900 UTC;;;;;;;;;;;;;;;;;;
2026/03/12;1000 UTC;;;;;;;;;;;;;;;;;;
2026/03/12;1100 UTC;;;;;;;;;;;;;;;;;;
2026/03/12;1200 UTC;;;;;;;;;;;;;;;;;;
2026/03/12;1300 UTC;;;;;;;;;;;;;;;;;;
2026/03/12;1400 UTC;;;;;;;;;;;;;;;;;;
2026/03/12;1500 UTC;;;;;;;;;;;;;;;;;;
2026/03/12;1600 UTC;;;;;;;;;;;;;;;;;;
2026/03/12;1700 UTC;;;;;;;;;;;;;;;;;;
2026/03/12;1800 UTC;;;;;;;;;;;;;;;;;;
2026/03/12;1900 UTC;;;;;;;;;;;;;;;;;;
2026/03/12;2000 UTC;;;;;;;;;;;;;;;;;;
2026/03/12;2100 UTC;;;;;;;;;;;;;;;;;;
2026/03/12;2200 UTC;;;;;;;;;;;;;;;;;;
2026/03/12;2300 UTC;;;;;;;;;;;;;;;;;;
2026/03/13;0000 UTC;;;;;;;;;;;;;;;;;;
2026/03/13;0100 UTC;;;;;;;;;;;;;;;;;;
2026/03/13;0200 UTC;;;;;;;;;;;;;;;;;;
2026/03/13;0300 UTC;;;;;;;;;;;;;;;;;;
2026/03/13;0400 UTC;;;;;;;;;;;;;;;;;;
2026/03/13;0500 UTC;;;;;;;;;;;;;;;;;;
2026/03/13;0600 UTC;;;;;;;;;;;;;;;;;;
2026/03/13;0700 UTC;;;;;;;;;;;;;;;;;;
2026/03/13;0800 UTC;;;;;;;;;;;;;;;;;;
2026/03/13;0900 UTC;;;;;;;;;;;;;;;;;;
2026/03/13;1000 UTC;;;;;;;;;;;;;;;;;;
2026/03/13;1100 UTC;;;;;;;;;;;;;;;;;;
2026/03/13;1200 UTC;;;;;;;;;;;;;;;;;;
2026/03/13;1300 UTC;;;;;;;;;;;;;;;;;;
2026/03/13;1400 UTC;;;;;;;;;;;;;;;;;;
2026/03/13;1500 UTC;;;;;;;;;;;;;;;;;;
2026/03/13;1600 UTC;;;;;;;;;;;;;;;;;;
2026/03/13;1700 UTC;;;;;;;;;;;;;;;;;;
2026/03/13;1800 UTC;;;;;;;;;;;;;;;;;;
2026/03/13;1900 UTC;;;;;;;;;;;;;;;;;;
2026/03/13;2000 UTC;;;;;;;;;;;;;;;;;;
2026/03/13;2100 UTC;;;;;;;;;;;;;;;;;;
2026/03/13;2200 UTC;;;;;;;;;;;;;;;;;;
2026/03/13;2300 UTC;;;;;;;;;;;;;;;;;;
2026/03/14;0000 UTC;;;;;;;;;;;;;;;;;;
2026/03/14;0100 UTC;;;;;;;;;;;;;;;;;;
2026/03/14;0200 UTC;;;;;;;;;;;;;;;;;;
2026/03/14;0300 UTC;;;;;;;;;;;;;;;;;;
2026/03/14;0400 UTC;;;;;;;;;;;;;;;;;;
2026/03/14;0500 UTC;;;;;;;;;;;;;;;;;;
2026/03/14;0600 UTC;;;;;;;;;;;;;;;;;;
2026/03/14;0700 UTC;;;;;;;;;;;;;;;;;;
2026/03/14;0800 UTC;;;;;;;;;;;;;;;;;;
2026/03/14;0900 UTC;;;;;;;;;;;;;;;;;;
2026/03/14;1000 UTC;;;;;;;;;;;;;;;;;;
2026/03/14;1100 UTC;;;;;;;;;;;;;;;;;;
2026/03/14;1200 UTC;;;;;;;;;;;;;;;;;;
2026/03/14;1300 UTC;;;;;;;;;;;;;;;;;;
2026/03/14;1400 UTC;;;;;;;;;;;;;;;;;;
2026/03/14;1500 UTC;;;;;;;;;;;;;;;;;;
2026/03/14;1600 UTC;;;;;;;;;;;;;;;;;;
2026/03/14;1700 UTC;;;;;;;;;;;;;;;;;;
2026/03/14;1800 UTC;;;;;;;;;;;;;;;;;;
2026/03/14;1900 UTC;;;;;;;;;;;;;;;;;;
2026/03/14;2000 UTC;;;;;;;;;;;;;;;;;;
2026/03/14;2100 UTC;;;;;;;;;;;;;;;;;;
2026/03/14;2200 UTC;;;;;;;;;;;;;;;;;;
2026/03/14;2300 UTC;;;;;;;;;;;;;;;;;;
2026/03/15;0000 UTC;;;;;;;;;;;;;;;;;;
2026/03/15;0100 UTC;;;;;;;;;;;;;;;;;;
2026/03/15;0200 UTC;;;;;;;;;;;;;;;;;;
2026/03/15;0300 UTC;;;;;;;;;;;;;;;;;;
2026/03/15;0400 UTC;;;;;;;;;;;;;;;;;;
2026/03/15;0500 UTC;;;;;;;;;;;;;;;;;;
2026/03/15;0600 UTC;;;;;;;;;;;;;;;;;;
2026/03/15;0700 UTC;;;;;;;;;;;;;;;;;;
2026/03/15;0800 UTC;;;;;;;;;;;;;;;;;;
2026/03/15;0900 UTC;;;;;;;;;;;;;;;;;;
2026/03/15;1000 UTC;;;;;;;;;;;;;;;;;;
2026/03/15;1100 UTC;;;;;;;;;;;;;;;;;;
2026/03/15;1200 UTC;;;;;;;;;;;;;;;;;;
2026/03/15;1300 UTC;;;;;;;;;;;;;;;;;;
2026/03/15;1400 UTC;;;;;;;;;;;;;;;;;;
2026/03/15;1500 UTC;;;;;;;;;;;;;;;;;;
2026/03/15;1600 UTC;;;;;;;;;;;;;;;;;;
2026/03/15;1700 UTC;;;;;;;;;;;;;;;;;;
2026/03/15;1800 UTC;;;;;;;;;;;;;;;;;;
2026/03/15;1900 UTC;;;;;;;;;;;;;;;;;;
2026/03/15;2000 UTC;;;;;;;;;;;;;;;;;;
2026/03/15;2100 UTC;;;;;;;;;;;;;;;;;;
2026/03/15;2200 UTC;;;;;;;;;;;;;;;;;;
2026/03/15;2300 UTC;;;;;;;;;;;;;;;;;;
2026/03/16;0000 UTC;;;;;;;;;;;;;;;;;;
2026/03/16;0100 UTC;;;;;;;;;;;;;;;;;;
2026/03/16;0200 UTC;;;;;;;;;;;;;;;;;;
2026/03/16;0300 UTC;;;;;;;;;;;;;;;;;;
2026/03/16;0400 UTC;;;;;;;;;;;;;;;;;;
2026/03/16;0500 UTC;;;;;;;;;;;;;;;;;;
2026/03/16;0600 UTC;;;;;;;;;;;;;;;;;;
2026/03/16;0700 UTC;;;;;;;;;;;;;;;;;;
2026/03/16;0800 UTC;;;;;;;;;;;;;;;;;;
2026/03/16;0900 UTC;;;;;;;;;;;;;;;;;;
2026/03/16;1000 UTC;;;;;;;;;;;;;;;;;;
2026/03/16;1100 UTC;;;;;;;;;;;;;;;;;;
2026/03/16;1200 UTC;;;;;;;;;;;;;;;;;;
2026/03/16;1300 UTC;;;;;;;;;;;;;;;;;;
2026/03/16;1400 UTC;;;;;;;;;;;;;;;;;;
2026/03/16;1500 UTC;;;;;;;;;;;;;;;;;;
2026/03/16;1600 UTC;;;;;;;;;;;;;;;;;;
2026/03/16;1700 UTC;;;;;;;;;;;;;;;;;;
2026/03/16;1800 UTC;;;;;;;;;;;;;;;;;;
2026/03/16;1900 UTC;;;;;;;;;;;;;;;;;;
2026/03/16;2000 UTC;;;;;;;;;;;;;;;;;;
2026/03/16;2100 UTC;;;;;;;;;;;;;;;;;;
2026/03/16;2200 UTC;;;;;;;;;;;;;;;;;;
2026/03/16;2300 UTC;;;;;;;;;;;;;;;;;;
2026/03/17;0000 UTC;;;;;;;;;;;;;;;;;;
2026/03/17;0100 UTC;;;;;;;;;;;;;;;;;;
2026/03/17;0200 UTC;;;;;;;;;;;;;;;;;;
2026/03/17;0300 UTC;;;;;;;;;;;;;;;;;;
2026/03/17;0400 UTC;;;;;;;;;;;;;;;;;;
2026/03/17;0500 UTC;;;;;;;;;;;;;;;;;;
2026/03/17;0600 UTC;;;;;;;;;;;;;;;;;;
2026/03/17;0700 UTC;;;;;;;;;;;;;;;;;;
2026/03/17;0800 UTC;;;;;;;;;;;;;;;;;;
2026/03/17;0900 UTC;;;;;;;;;;;;;;;;;;
2026/03/17;1000 UTC;;;;;;;;;;;;;;;;;;
2026/03/17;1100 UTC;;;;;;;;;;;;;;;;;;
2026/03/17;1200 UTC;;;;;;;;;;;;;;;;;;
2026/03/17;1300 UTC;;;;;;;;;;;;;;;;;;
2026/03/17;1400 UTC;;;;;;;;;;;;;;;;;;
2026/03/17;1500 UTC;;;;;;;;;;;;;;;;;;
2026/03/17;1600 UTC;;;;;;;;;;;;;;;;;;
2026/03/17;1700 UTC;;;;;;;;;;;;;;;;;;
2026/03/17;1800 UTC;;;;;;;;;;;;;;;;;;
2026/03/17;1900 UTC;;;;;;;;;;;;;;;;;;
2026/03/17;2000 UTC;;;;;;;;;;;;;;;;;;
2026/03/17;2100 UTC;;;;;;;;;;;;;;;;;;
2026/03/17;2200 UTC;;;;;;;;;;;;;;;;;;
2026/03/17;2300 UTC;;;;;;;;;;;;;;;;;;
2026/03/18;0000 UTC;;;;;;;;;;;;;;;;;;
2026/03/18;0100 UTC;;;;;;;;;;;;;;;;;;
2026/03/18;0200 UTC;;;;;;;;;;;;;;;;;;
2026/03/18;0300 UTC;;;;;;;;;;;;;;;;;;
2026/03/18;0400 UTC;;;;;;;;;;;;;;;;;;
2026/03/18;0500 UTC;;;;;;;;;;;;;;;;;;
2026/03/18;0600 UTC;;;;;;;;;;;;;;;;;;
2026/03/18;0700 UTC;;;;;;;;;;;;;;;;;;
2026/03/18;0800 UTC;;;;;;;;;;;;;;;;;;
2026/03/18;0900 UTC;;;;;;;;;;;;;;;;;;
2026/03/18;1000 UTC;;;;;;;;;;;;;;;;;;
2026/03/18;1100 UTC;;;;;;;;;;;;;;;;;;
2026/03/18;1200 UTC;;;;;;;;;;;;;;;;;;
2026/03/18;1300 UTC;;;;;;;;;;;;;;;;;;
2026/03/18;1400 UTC;;;;;;;;;;;;;;;;;;
2026/03/18;1500 UTC;;;;;;;;;;;;;;;;;;
2026/03/18;1600 UTC;;;;;;;;;;;;;;;;;;
2026/03/18;1700 UTC;;;;;;;;;;;;;;;;;;
2026/03/18;1800 UTC;;;;;;;;;;;;;;;;;;
2026/03/18;1900 UTC;;;;;;;;;;;;;;;;;;
2026/03/18;2000 UTC;;;;;;;;;;;;;;;;;;
2026/03/18;2100 UTC;;;;;;;;;;;;;;;;;;
2026/03/18;2200 UTC;;;;;;;;;;;;;;;;;;
2026/03/18;2300 UTC;;;;;;;;;;;;;;;;;;
2026/03/19;0000 UTC;;;;;;;;;;;;;;;;;;
2026/03/19;0100 UTC;;;;;;;;;;;;;;;;;;
2026/03/19;0200 UTC;;;;;;;;;;;;;;;;;;
2026/03/19;0300 UTC;;;;;;;;;;;;;;;;;;
2026/03/19;0400 UTC;;;;;;;;;;;;;;;;;;
2026/03/19;0500 UTC;;;;;;;;;;;;;;;;;;
2026/03/19;0600 UTC;;;;;;;;;;;;;;;;;;
2026/03/19;0700 UTC;;;;;;;;;;;;;;;;;;
2026/03/19;0800 UTC;;;;;;;;;;;;;;;;;;
2026/03/19;0900 UTC;;;;;;;;;;;;;;;;;;
2026/03/19;1000 UTC;;;;;;;;;;;;;;;;;;
2026/03/19;1100 UTC;;;;;;;;;;;;;;;;;;
2026/03/19;1200 UTC;;;;;;;;;;;;;;;;;;
2026/03/19;1300 UTC;;;;;;;;;;;;;;;;;;
2026/03/19;1400 UTC;;;;;;;;;;;;;;;;;;
2026/03/19;1500 UTC;;;;;;;;;;;;;;;;;;
2026/03/19;1600 UTC;;;;;;;;;;;;;;;;;;
2026/03/19;1700 UTC;;;;;;;;;;;;;;;;;;
2026/03/19;1800 UTC;;;;;;;;;;;;;;;;;;
2026/03/19;1900 UTC;;;;;;;;;;;;;;;;;;
2026/03/19;2000 UTC;;;;;;;;;;;;;;;;;;
2026/03/19;2100 UTC;;;;;;;;;;;;;;;;;;
2026/03/19;2200 UTC;;;;;;;;;;;;;;;;;;
2026/03/19;2300 UTC;;;;;;;;;;;;;;;;;;
2026/03/20;0000 UTC;;;;;;;;;;;;;;;;;;
2026/03/20;0100 UTC;;;;;;;;;;;;;;;;;;
2026/03/20;0200 UTC;;;;;;;;;;;;;;;;;;
2026/03/20;0300 UTC;;;;;;;;;;;;;;;;;;
2026/03/20;0400 UTC;;;;;;;;;;;;;;;;;;
2026/03/20;0500 UTC;;;;;;;;;;;;;;;;;;
2026/03/20;0600 UTC;;;;;;;;;;;;;;;;;;
2026/03/20;0700 UTC;;;;;;;;;;;;;;;;;;
2026/03/20;0800 UTC;;;;;;;;;;;;;;;;;;
2026/03/20;0900 UTC;;;;;;;;;;;;;;;;;;
2026/03/20;1000 UTC;;;;;;;;;;;;;;;;;;
2026/03/20;1100 UTC;;;;;;;;;;;;;;;;;;
2026/03/20;1200 UTC;;;;;;;;;;;;;;;;;;
2026/03/20;1300 UTC;;;;;;;;;;;;;;;;;;
2026/03/20;1400 UTC;;;;;;;;;;;;;;;;;;
2026/03/20;1500 UTC;;;;;;;;;;;;;;;;;;
2026/03/20;1600 UTC;;;;;;;;;;;;;;;;;;
2026/03/20;1700 UTC;;;;;;;;;;;;;;;;;;
2026/03/20;1800 UTC;;;;;;;;;;;;;;;;;;
2026/03/20;1900 UTC;;;;;;;;;;;;;;;;;;
2026/03/20;2000 UTC;;;;;;;;;;;;;;;;;;
2026/03/20;2100 UTC;;;;;;;;;;;;;;;;;;
2026/03/20;2200 UTC;;;;;;;;;;;;;;;;;;
2026/03/20;2300 UTC;;;;;;;;;;;;;;;;;;
2026/03/21;0000 UTC;;;;;;;;;;;;;;;;;;
2026/03/21;0100 UTC;;;;;;;;;;;;;;;;;;
2026/03/21;0200 UTC;;;;;;;;;;;;;;;;;;
2026/03/21;0300 UTC;;;;;;;;;;;;;;;;;;
2026/03/21;0400 UTC;;;;;;;;;;;;;;;;;;
2026/03/21;0500 UTC;;;;;;;;;;;;;;;;;;
2026/03/21;0600 UTC;;;;;;;;;;;;;;;;;;
2026/03/21;0700 UTC;;;;;;;;;;;;;;;;;;
2026/03/21;0800 UTC;;;;;;;;;;;;;;;;;;
2026/03/21;0900 UTC;;;;;;;;;;;;;;;;;;
2026/03/21;1000 UTC;;;;;;;;;;;;;;;;;;
2026/03/21;1100 UTC;;;;;;;;;;;;;;;;;;
2026/03/21;1200 UTC;;;;;;;;;;;;;;;;;;
2026/03/21;1300 UTC;;;;;;;;;;;;;;;;;;
2026/03/21;1400 UTC;;;;;;;;;;;;;;;;;;
2026/03/21;1500 UTC;;;;;;;;;;;;;;;;;;
2026/03/21;1600 UTC;;;;;;;;;;;;;;;;;;
2026/03/21;1700 UTC;;;;;;;;;;;;;;;;;;
2026/03/21;1800 UTC;;;;;;;;;;;;;;;;;;
2026/03/21;1900 UTC;;;;;;;;;;;;;;;;;;
2026/03/21;2000 UTC;;;;;;;;;;;;;;;;;;
2026/03/21;2100 UTC;;;;;;;;;;;;;;;;;;
2026/03/21;2200 UTC;;;;;;;;;;;;;;;;;;
2026/03/21;2300 UTC;;;;;;;;;;;;;;;;;;
2026/03/22;0000 UTC;;;;;;;;;;;;;;;;;;
2026/03/22;0100 UTC;;;;;;;;;;;;;;;;;;
2026/03/22;0200 UTC;;;;;;;;;;;;;;;;;;
2026/03/22;0300 UTC;;;;;;;;;;;;;;;;;;
2026/03/22;0400 UTC;;;;;;;;;;;;;;;;;;
2026/03/22;0500 UTC;;;;;;;;;;;;;;;;;;
2026/03/22;0600 UTC;;;;;;;;;;;;;;;;;;
2026/03/22;0700 UTC;;;;;;;;;;;;;;;;;;
2026/03/22;0800 UTC;;;;;;;;;;;;;;;;;;
2026/03/22;0900 UTC;;;;;;;;;;;;;;;;;;
2026/03/22;1000 UTC;;;;;;;;;;;;;;;;;;
2026/03/22;1100 UTC;;;;;;;;;;;;;;;;;;
2026/03/22;1200 UTC;;;;;;;;;;;;;;;;;;
2026/03/22;1300 UTC;;;;;;;;;;;;;;;;;;
2026/03/22;1400 UTC;;;;;;;;;;;;;;;;;;
2026/03/22;1500 UTC;;;;;;;;;;;;;;;;;;
2026/03/22;1600 UTC;;;;;;;;;;;;;;;;;;
2026/03/22;1700 UTC;;;;;;;;;;;;;;;;;;
2026/03/22;1800 UTC;;;;;;;;;;;;;;;;;;
2026/03/22;1900 UTC;;;;;;;;;;;;;;;;;;
2026/03/22;2000 UTC;;;;;;;;;;;;;;;;;;
2026/03/22;2100 UTC;;;;;;;;;;;;;;;;;;
2026/03/22;2200 UTC;;;;;;;;;;;;;;;;;;
2026/03/22;2300 UTC;;;;;;;;;;;;;;;;;;
2026/03/23;0000 UTC;;;;;;;;;;;;;;;;;;
2026/03/23;0100 UTC;;;;;;;;;;;;;;;;;;
2026/03/23;0200 UTC;;;;;;;;;;;;;;;;;;
2026/03/23;0300 UTC;;;;;;;;;;;;;;;;;;
2026/03/23;0400 UTC;;;;;;;;;;;;;;;;;;
2026/03/23;0500 UTC;;;;;;;;;;;;;;;;;;
2026/03/23;0600 UTC;;;;;;;;;;;;;;;;;;
2026/03/23;0700 UTC;;;;;;;;;;;;;;;;;;
2026/03/23;0800 UTC;;;;;;;;;;;;;;;;;;
2026/03/23;0900 UTC;;;;;;;;;;;;;;;;;;
2026/03/23;1000 UTC;;;;;;;;;;;;;;;;;;
2026/03/23;1100 UTC;;;;;;;;;;;;;;;;;;
2026/03/23;1200 UTC;;;;;;;;;;;;;;;;;;
2026/03/23;1300 UTC;;;;;;;;;;;;;;;;;;
2026/03/23;1400 UTC;;;;;;;;;;;;;;;;;;
2026/03/23;1500 UTC;;;;;;;;;;;;;;;;;;
2026/03/23;1600 UTC;;;;;;;;;;;;;;;;;;
2026/03/23;1700 UTC;;;;;;;;;;;;;;;;;;
2026/03/23;1800 UTC;;;;;;;;;;;;;;;;;;
2026/03/23;1900 UTC;;;;;;;;;;;;;;;;;;
2026/03/23;2000 UTC;;;;;;;;;;;;;;;;;;
2026/03/23;2100 UTC;;;;;;;;;;;;;;;;;;
2026/03/23;2200 UTC;;;;;;;;;;;;;;;;;;
2026/03/23;2300 UTC;;;;;;;;;;;;;;;;;;
2026/03/24;0000 UTC;;;;;;;;;;;;;;;;;;
2026/03/24;0100 UTC;;;;;;;;;;;;;;;;;;
2026/03/24;0200 UTC;;;;;;;;;;;;;;;;;;
2026/03/24;0300 UTC;;;;;;;;;;;;;;;;;;
2026/03/24;0400 UTC;;;;;;;;;;;;;;;;;;
2026/03/24;0500 UTC;;;;;;;;;;;;;;;;;;
2026/03/24;0600 UTC;;;;;;;;;;;;;;;;;;
2026/03/24;0700 UTC;;;;;;;;;;;;;;;;;;
2026/03/24;0800 UTC;;;;;;;;;;;;;;;;;;
2026/03/24;0900 UTC;;;;;;;;;;;;;;;;;;
2026/03/24;1000 UTC;;;;;;;;;;;;;;;;;;
2026/03/24;1100 UTC;;;;;;;;;;;;;;;;;;
2026/03/24;1200 UTC;;;;;;;;;;;;;;;;;;
2026/03/24;1300 UTC;;;;;;;;;;;;;;;;;;
2026/03/24;1400 UTC;;;;;;;;;;;;;;;;;;
2026/03/24;1500 UTC;;;;;;;;;;;;;;;;;;
2026/03/24;1600 UTC;;;;;;;;;;;;;;;;;;
2026/03/24;1700 UTC;;;;;;;;;;;;;;;;;;
2026/03/24;1800 UTC;;;;;;;;;;;;;;;;;;
2026/03/24;1900 UTC;;;;;;;;;;;;;;;;;;
2026/03/24;2000 UTC;;;;;;;;;;;;;;;;;;
2026/03/24;2100 UTC;;;;;;;;;;;;;;;;;;
2026/03/24;2200 UTC;;;;;;;;;;;;;;;;;;
2026/03/24;2300 UTC;;;;;;;;;;;;;;;;;;
2026/03/25;0000 UTC;;;;;;;;;;;;;;;;;;
2026/03/25;0100 UTC;;;;;;;;;;;;;;;;;;
2026/03/25;0200 UTC;;;;;;;;;;;;;;;;;;
2026/03/25;0300 UTC;;;;;;;;;;;;;;;;;;
2026/03/25;0400 UTC;;;;;;;;;;;;;;;;;;
2026/03/25;0500 UTC;;;;;;;;;;;;;;;;;;
2026/03/25;0600 UTC;;;;;;;;;;;;;;;;;;
2026/03/25;0700 UTC;;;;;;;;;;;;;;;;;;
2026/03/25;0800 UTC;;;;;;;;;;;;;;;;;;
2026/03/25;0900 UTC;;;;;;;;;;;;;;;;;;
2026/03/25;1000 UTC;;;;;;;;;;;;;;;;;;
2026/03/25;1100 UTC;;;;;;;;;;;;;;;;;;
2026/03/25;1200 UTC;;;;;;;;;;;;;;;;;;
2026/03/25;1300 UTC;;;;;;;;;;;;;;;;;;
2026/03/25;1400 UTC;;;;;;;;;;;;;;;;;;
2026/03/25;1500 UTC;;;;;;;;;;;;;;;;;;
2026/03/25;1600 UTC;;;;;;;;;;;;;;;;;;
2026/03/25;1700 UTC;;;;;;;;;;;;;;;;;;
2026/03/25;1800 UTC;;;;;;;;;;;;;;;;;;
2026/03/25;1900 UTC;;;;;;;;;;;;;;;;;;
2026/03/25;2000 UTC;;;;;;;;;;;;;;;;;;
2026/03/25;2100 UTC;;;;;;;;;;;;;;;;;;
2026/03/25;2200 UTC;;;;;;;;;;;;;;;;;;
2026/03/25;2300 UTC;;;;;;;;;;;;;;;;;;
2026/03/26;0000 UTC;;;;;;;;;;;;;;;;;;
2026/03/26;0100 UTC;;;;;;;;;;;;;;;;;;
2026/03/26;0200 UTC;;;;;;;;;;;;;;;;;;
2026/03/26;0300 UTC;;;;;;;;;;;;;;;;;;
2026/03/26;0400 UTC;;;;;;;;;;;;;;;;;;
2026/03/26;0500 UTC;;;;;;;;;;;;;;;;;;
2026/03/26;0600 UTC;;;;;;;;;;;;;;;;;;
2026/03/26;0700 UTC;;;;;;;;;;;;;;;;;;
2026/03/26;0800 UTC;;;;;;;;;;;;;;;;;;
2026/03/26;0900 UTC;;;;;;;;;;;;;;;;;;
2026/03/26;1000 UTC;;;;;;;;;;;;;;;;;;
2026/03/26;1100 UTC;;;;;;;;;;;;;;;;;;
2026/03/26;1200 UTC;;;;;;;;;;;;;;;;;;
2026/03/26;1300 UTC;;;;;;;;;;;;;;;;;;
2026/03/26;1400 UTC;;;;;;;;;;;;;;;;;;
2026/03/26;1500 UTC;;;;;;;;;;;;;;;;;;
2026/03/26;1600 UTC;;;;;;;;;;;;;;;;;;
2026/03/26;1700 UTC;;;;;;;;;;;;;;;;;;
2026/03/26;1800 UTC;;;;;;;;;;;;;;;;;;
2026/03/26;1900 UTC;;;;;;;;;;;;;;;;;;
2026/03/26;2000 UTC;;;;;;;;;;;;;;;;;;
2026/03/26;2100 UTC;;;;;;;;;;;;;;;;;;
2026/03/26;2200 UTC;;;;;;;;;;;;;;;;;;
2026/03/26;2300 UTC;;;;;;;;;;;;;;;;;;
2026/03/27;0000 UTC;;;;;;;;;;;;;;;;;;
2026/03/27;0100 UTC;;;;;;;;;;;;;;;;;;
2026/03/27;0200 UTC;;;;;;;;;;;;;;;;;;
2026/03/27;0300 UTC;;;;;;;;;;;;;;;;;;
2026/03/27;0400 UTC;;;;;;;;;;;;;;;;;;
2026/03/27;0500 UTC;;;;;;;;;;;;;;;;;;
2026/03/27;0600 UTC;;;;;;;;;;;;;;;;;;
2026/03/27;0700 UTC;;;;;;;;;;;;;;;;;;
2026/03/27;0800 UTC;;;;;;;;;;;;;;;;;;
2026/03/27;0900 UTC;;;;;;;;;;;;;;;;;;
2026/03/27;1000 UTC;;;;;;;;;;;;;;;;;;
2026/03/27;1100 UTC;;;;;;;;;;;;;;;;;;
2026/03/27;1200 UTC;;;;;;;;;;;;;;;;;;
2026/03/27;1300 UTC;;;;;;;;;;;;;;;;;;
2026/03/27;1400 UTC;;;;;;;;;;;;;;;;;;
2026/03/27;1500 UTC;;;;;;;;;;;;;;;;;;
2026/03/27;1600 UTC;;;;;;;;;;;;;;;;;;
2026/03/27;1700 UTC;;;;;;;;;;;;;;;;;;
2026/03/27;1800 UTC;;;;;;;;;;;;;;;;;;
2026/03/27;1900 UTC;;;;;;;;;;;;;;;;;;
2026/03/27;2000 UTC;;;;;;;;;;;;;;;;;;
2026/03/27;2100 UTC;;;;;;;;;;;;;;;;;;
2026/03/27;2200 UTC;;;;;;;;;;;;;;;;;;
2026/03/27;2300 UTC;;;;;;;;;;;;;;;;;;
2026/03/28;0000 UTC;;;;;;;;;;;;;;;;;;
2026/03/28;0100 UTC;;;;;;;;;;;;;;;;;;
2026/03/28;0200 UTC;;;;;;;;;;;;;;;;;;
2026/03/28;0300 UTC;;;;;;;;;;;;;;;;;;
2026/03/28;0400 UTC;;;;;;;;;;;;;;;;;;
2026/03/28;0500 UTC;;;;;;;;;;;;;;;;;;
2026/03/28;0600 UTC;;;;;;;;;;;;;;;;;;
2026/03/28;0700 UTC;;;;;;;;;;;;;;;;;;
2026/03/28;0800 UTC;;;;;;;;;;;;;;;;;;
2026/03/28;0900 UTC;;;;;;;;;;;;;;;;;;
2026/03/28;1000 UTC;;;;;;;;;;;;;;;;;;
2026/03/28;1100 UTC;;;;;;;;;;;;;;;;;;
2026/03/28;1200 UTC;;;;;;;;;;;;;;;;;;
2026/03/28;1300 UTC;;;;;;;;;;;;;;;;;;
2026/03/28;1400 UTC;;;;;;;;;;;;;;;;;;
2026/03/28;1500 UTC;;;;;;;;;;;;;;;;;;
2026/03/28;1600 UTC;;;;;;;;;;;;;;;;;;
2026/03/28;1700 UTC;;;;;;;;;;;;;;;;;;
2026/03/28;1800 UTC;;;;;;;;;;;;;;;;;;
2026/03/28;1900 UTC;;;;;;;;;;;;;;;;;;
2026/03/28;2000 UTC;;;;;;;;;;;;;;;;;;
2026/03/28;2100 UTC;;;;;;;;;;;;;;;;;;
2026/03/28;2200 UTC;;;;;;;;;;;;;;;;;;
2026/03/28;2300 UTC;;;;;;;;;;;;;;;;;;
2026/03/29;0000 UTC;;;;;;;;;;;;;;;;;;
2026/03/29;0100 UTC;;;;;;;;;;;;;;;;;;
2026/03/29;0200 UTC;;;;;;;;;;;;;;;;;;
2026/03/29;0300 UTC;;;;;;;;;;;;;;;;;;
2026/03/29;0400 UTC;;;;;;;;;;;;;;;;;;
2026/03/29;0500 UTC;;;;;;;;;;;;;;;;;;
2026/03/29;0600 UTC;;;;;;;;;;;;;;;;;;
2026/03/29;0700 UTC;;;;;;;;;;;;;;;;;;
2026/03/29;0800 UTC;;;;;;;;;;;;;;;;;;
2026/03/29;0900 UTC;;;;;;;;;;;;;;;;;;
2026/03/29;1000 UTC;;;;;;;;;;;;;;;;;;
2026/03/29;1100 UTC;;;;;;;;;;;;;;;;;;
2026/03/29;1200 UTC;;;;;;;;;;;;;;;;;;
2026/03/29;1300 UTC;;;;;;;;;;;;;;;;;;
2026/03/29;1400 UTC;;;;;;;;;;;;;;;;;;
2026/03/29;1500 UTC;;;;;;;;;;;;;;;;;;
2026/03/29;1600 UTC;;;;;;;;;;;;;;;;;;
2026/03/29;1700 UTC;;;;;;;;;;;;;;;;;;
2026/03/29;1800 UTC;;;;;;;;;;;;;;;;;;
2026/03/29;1900 UTC;;;;;;;;;;;;;;;;;;
2026/03/29;2000 UTC;;;;;;;;;;;;;;;;;;
2026/03/29;2100 UTC;;;;;;;;;;;;;;;;;;
2026/03/29;2200 UTC;;;;;;;;;;;;;;;;;;
2026/03/29;2300 UTC;;;;;;;;;;;;;;;;;;
2026/03/30;0000 UTC;;;;;;;;;;;;;;;;;;
2026/03/30;0100 UTC;;;;;;;;;;;;;;;;;;
2026/03/30;0200 UTC;;;;;;;;;;;;;;;;;;
2026/03/30;0300 UTC;;;;;;;;;;;;;;;;;;
2026/03/30;0400 UTC;;;;;;;;;;;;;;;;;;
2026/03/30;0500 UTC;;;;;;;;;;;;;;;;;;
2026/03/30;0600 UTC;;;;;;;;;;;;;;;;;;
2026/03/30;0700 UTC;;;;;;;;;;;;;;;;;;
2026/03/30;0800 UTC;;;;;;;;;;;;;;;;;;
2026/03/30;0900 UTC;;;;;;;;;;;;;;;;;;
2026/03/30;1000 UTC;;;;;;;;;;;;;;;;;;
2026/03/30;1100 UTC;;;;;;;;;;;;;;;;;;
2026/03/30;1200 UTC;;;;;;;;;;;;;;;;;;
2026/03/30;1300 UTC;;;;;;;;;;;;;;;;;;
2026/03/30;1400 UTC;;;;;;;;;;;;;;;;;;
2026/03/30;1500 UTC;;;;;;;;;;;;;;;;;;
2026/03/30;1600 UTC;;;;;;;;;;;;;;;;;;
2026/03/30;1700 UTC;;;;;;;;;;;;;;;;;;
2026/03/30;1800 UTC;;;;;;;;;;;;;;;;;;
2026/03/30;1900 UTC;;;;;;;;;;;;;;;;;;
2026/03/30;2000 UTC;;;;;;;;;;;;;;;;;;
2026/03/30;2100 UTC;;;;;;;;;;;;;;;;;;
2026/03/30;2200 UTC;;;;;;;;;;;;;;;;;;
2026/03/30;2300 UTC;;;;;;;;;;;;;;;;;;
2026/03/31;0000 UTC;;;;;;;;;;;;;;;;;;
2026/03/31;0100 UTC;;;;;;;;;;;;;;;;;;
2026/03/31;0200 UTC;;;;;;;;;;;;;;;;;;
2026/03/31;0300 UTC;;;;;;;;;;;;;;;;;;
2026/03/31;0400 UTC;;;;;;;;;;;;;;;;;;
2026/03/31;0500 UTC;;;;;;;;;;;;;;;;;;
2026/03/31;0600 UTC;;;;;;;;;;;;;;;;;;
2026/03/31;0700 UTC;;;;;;;;;;;;;;;;;;
2026/03/31;0800 UTC;;;;;;;;;;;;;;;;;;
2026/03/31;0900 UTC;;;;;;;;;;;;;;;;;;
2026/03/31;1000 UTC;;;;;;;;;;;;;;;;;;
2026/03/31;1100 UTC;;;;;;;;;;;;;;;;;;
2026/03/31;1200 UTC;;;;;;;;;;;;;;;;;;
2026/03/31;1300 UTC;;;;;;;;;;;;;;;;;;
2026/03/31;1400 UTC;;;;;;;;;;;;;;;;;;
2026/03/31;1500 UTC;;;;;;;;;;;;;;;;;;
2026/03/31;1600 UTC;;;;;;;;;;;;;;;;;;
2026/03/31;1700 UTC;;;;;;;;;;;;;;;;;;
2026/03/31;1800 UTC;;;;;;;;;;;;;;;;;;
2026/03/31;1900 UTC;;;;;;;;;;;;;;;;;;
2026/03/31;2000 UTC;;;;;;;;;;;;;;;;;;
2026/03/31;2100 UTC;;;;;;;;;;;;;;;;;;
2026/03/31;2200 UTC;;;;;;;;;;;;;;;;;;
2026/03/31;2300 UTC;;;;;;;;;;;;;;;;;;
